#
# There is insufficient memory for the Java Runtime Environment to continue.
# Native memory allocation (mmap) failed to map 253755392 bytes. Error detail: G1 virtual space
# Possible reasons:
#   The system is out of physical RAM or swap space
#   This process is running with CompressedOops enabled, and the Java Heap may be blocking the growth of the native heap
# Possible solutions:
#   Reduce memory load on the system
#   Increase physical memory or swap space
#   Check if swap backing store is full
#   Decrease Java heap size (-Xmx/-Xms)
#   Decrease number of Java threads
#   Decrease Java thread stack sizes (-Xss)
#   Set larger code cache with -XX:ReservedCodeCacheSize=
#   JVM is running with Unscaled Compressed Oops mode in which the Java heap is
#     placed in the first 4GB address space. The Java Heap base address is the
#     maximum limit for the native heap growth. Please use -XX:HeapBaseMinAddress
#     to set the Java Heap base and to place the Java Heap above 4GB virtual address.
# This output file may be truncated or incomplete.
#
#  Out of Memory Error (os_windows.cpp:3710), pid=17400, tid=16796
#
# JRE version: OpenJDK Runtime Environment Microsoft-10800295 (17.0.14+7) (build 17.0.14+7-LTS)
# Java VM: OpenJDK 64-Bit Server VM Microsoft-10800295 (17.0.14+7-LTS, mixed mode, sharing, tiered, compressed oops, compressed class ptrs, g1 gc, windows-amd64)
# No core dump will be written. Minidumps are not enabled by default on client versions of Windows
#

---------------  S U M M A R Y ------------

Command Line: --add-opens=java.base/java.lang=ALL-UNNAMED --add-opens=java.base/java.lang.invoke=ALL-UNNAMED --add-opens=java.base/java.util=ALL-UNNAMED --add-opens=java.prefs/java.util.prefs=ALL-UNNAMED --add-exports=jdk.compiler/com.sun.tools.javac.api=ALL-UNNAMED --add-exports=jdk.compiler/com.sun.tools.javac.util=ALL-UNNAMED --add-opens=java.base/java.util=ALL-UNNAMED --add-opens=java.prefs/java.util.prefs=ALL-UNNAMED --add-opens=java.base/java.nio.charset=ALL-UNNAMED --add-opens=java.base/java.net=ALL-UNNAMED --add-opens=java.base/java.util.concurrent=ALL-UNNAMED --add-opens=java.base/java.util.concurrent.atomic=ALL-UNNAMED --add-opens=java.xml/javax.xml.namespace=ALL-UNNAMED -XX:MaxMetaspaceSize=512m -Xmx2048m -Dfile.encoding=windows-1252 -Duser.country=IN -Duser.language=en -Duser.variant -javaagent:C:\Users\intel\.gradle\wrapper\dists\gradle-9.0.0-bin\d6wjpkvcgsg3oed0qlfss3wgl\gradle-9.0.0\lib\agents\gradle-instrumentation-agent-9.0.0.jar org.gradle.launcher.daemon.bootstrap.GradleDaemon 9.0.0

Host: Intel(R) Core(TM) i5-10310U CPU @ 1.70GHz, 8 cores, 15G,  Windows 10 , 64 bit Build 19041 (10.0.19041.2251)
Time: Thu Dec 25 15:40:52 2025 India Standard Time elapsed time: 10287.112621 seconds (0d 2h 51m 27s)

---------------  T H R E A D  ---------------

Current thread (0x000001dc7cabebc0):  VMThread "VM Thread" [stack: 0x00000012df100000,0x00000012df200000] [id=16796]

Stack: [0x00000012df100000,0x00000012df200000]
Native frames: (J=compiled Java code, j=interpreted, Vv=VM code, C=native code)
V  [jvm.dll+0x6886b9]
V  [jvm.dll+0x83f6f8]
V  [jvm.dll+0x8411a3]
V  [jvm.dll+0x841813]
V  [jvm.dll+0x2495cf]
V  [jvm.dll+0x6855f9]
V  [jvm.dll+0x679a8a]
V  [jvm.dll+0x30afc7]
V  [jvm.dll+0x312536]
V  [jvm.dll+0x362eee]
V  [jvm.dll+0x36312d]
V  [jvm.dll+0x2e225c]
V  [jvm.dll+0x2e0609]
V  [jvm.dll+0x2dfd6c]
V  [jvm.dll+0x32291b]
V  [jvm.dll+0x84604d]
V  [jvm.dll+0x846d83]
V  [jvm.dll+0x8472af]
V  [jvm.dll+0x847694]
V  [jvm.dll+0x84775e]
V  [jvm.dll+0x7ef2ac]
V  [jvm.dll+0x687597]
C  [ucrtbase.dll+0x21bb2]
C  [KERNEL32.DLL+0x174b4]
C  [ntdll.dll+0x526a1]

VM_Operation (0x00000012e07fa9c0): G1CollectForAllocation, mode: safepoint, requested by thread 0x000001dc38d84ab0


---------------  P R O C E S S  ---------------

Threads class SMR info:
_java_thread_list=0x000001dc30acacf0, length=148, elements={
0x000001dc6d5eedd0, 0x000001dc7cac4580, 0x000001dc7cac5310, 0x000001dc7cae0470,
0x000001dc7cae1000, 0x000001dc7cae2a40, 0x000001dc7cae3310, 0x000001dc7cae3fc0,
0x000001dc7cae4980, 0x000001dc7caf8070, 0x000001dc7caaf310, 0x000001dc7cd4c020,
0x000001dc7dddddc0, 0x000001dc7eabac50, 0x000001dc7ec43840, 0x000001dc7ed25750,
0x000001dc7ed238f0, 0x000001dc7ed26170, 0x000001dc7ed26b90, 0x000001dc7ed23e00,
0x000001dc2e69c5c0, 0x000001dc2e69c0b0, 0x000001dc2f426310, 0x000001dc31b2a0e0,
0x000001dc31b2ab00, 0x000001dc312cffe0, 0x000001dc312c9590, 0x000001dc312cf5c0,
0x000001dc312ce180, 0x000001dc312cb3f0, 0x000001dc2e69cad0, 0x000001dc3b768370,
0x000001dc38d82740, 0x000001dc38d7ea80, 0x000001dc38d84ab0, 0x000001dc3cac42e0,
0x000001dc3cac3dd0, 0x000001dc314d3dd0, 0x000001dc314d33b0, 0x000001dc314d42e0,
0x000001dc314d5210, 0x000001dc322eda00, 0x000001dc3a7f9840, 0x000001dc3a7f9d50,
0x000001dc3a7f8e20, 0x000001dc3a7fa260, 0x000001dc38d83160, 0x000001dc38d81d20,
0x000001dc38d83b80, 0x000001dc38d81300, 0x000001dc38d82c50, 0x000001dc38d83670,
0x000001dc38d7e060, 0x000001dc38d84090, 0x000001dc38d859e0, 0x000001dc38d7ef90,
0x000001dc38d7f9b0, 0x000001dc38d845a0, 0x000001dc38d7f4a0, 0x000001dc38d84fc0,
0x000001dc38d854d0, 0x000001dc38d803d0, 0x000001dc322eb690, 0x000001dc322ec5c0,
0x000001dc39fe2ec0, 0x000001dc39fdfc20, 0x000001dc322eb180, 0x000001dc39fe33d0,
0x000001dc39fe1a80, 0x000001dc322ee420, 0x000001dc314d2ea0, 0x000001dc314d47f0,
0x000001dc314d4d00, 0x000001dc314d38c0, 0x000001dc314d5720, 0x000001dc314d5c30,
0x000001dc314d6140, 0x000001dc314d2990, 0x000001dc3aa5e240, 0x000001dc3aa5c8f0,
0x000001dc3aa5b9c0, 0x000001dc3aa5bed0, 0x000001dc3aa5ce00, 0x000001dc3aa5ec60,
0x000001dc3aa5f170, 0x000001dc3aa5d310, 0x000001dc3aa5c3e0, 0x000001dc3aa5d820,
0x000001dc3aa5dd30, 0x000001dc3aa5e750, 0x000001dc3cecc940, 0x000001dc3cecce50,
0x000001dc3cecd360, 0x000001dc322ebba0, 0x000001dc322ecfe0, 0x000001dc322ecad0,
0x000001dc322ed4f0, 0x000001dc322ee930, 0x000001dc322edf10, 0x000001dc32c0e800,
0x000001dc32c0c490, 0x000001dc32c0e2f0, 0x000001dc32c0c9a0, 0x000001dc32c0d8d0,
0x000001dc32c0dde0, 0x000001dc32c0ed10, 0x000001dc32c0bf80, 0x000001dc32c0ceb0,
0x000001dc32c0d3c0, 0x000001dc32c0b560, 0x000001dc32c0ba70, 0x000001dc7f249d30,
0x000001dc7f248e00, 0x000001dc7f2488f0, 0x000001dc38d7fec0, 0x000001dc38d808e0,
0x000001dc30914830, 0x000001dc30910150, 0x000001dc30910b70, 0x000001dc30911aa0,
0x000001dc30916180, 0x000001dc384caf60, 0x000001dc384ccdc0, 0x000001dc384cc8b0,
0x000001dc384cbe90, 0x000001dc384ca540, 0x000001dc384cb470, 0x000001dc384caa50,
0x000001dc384cc3a0, 0x000001dc384cb980, 0x000001dc392d8290, 0x000001dc392d87a0,
0x000001dc390683d0, 0x000001dc39067ec0, 0x000001dc390688e0, 0x000001dc39068df0,
0x000001dc39069300, 0x000001dc7f24a240, 0x000001dc7f24a750, 0x000001dc7f24ac60,
0x000001dc39fe0640, 0x000001dc39fe1f90, 0x000001dc39069810, 0x000001dc7f24b680,
0x000001dc7f24b170, 0x000001dc3c444a20, 0x000001dc384cd7e0, 0x000001dc31e64c20
}

Java Threads: ( => current thread )
  0x000001dc6d5eedd0 JavaThread "main" [_thread_blocked, id=13960, stack(0x00000012deb00000,0x00000012dec00000)]
  0x000001dc7cac4580 JavaThread "Reference Handler" daemon [_thread_blocked, id=12568, stack(0x00000012df200000,0x00000012df300000)]
  0x000001dc7cac5310 JavaThread "Finalizer" daemon [_thread_blocked, id=7044, stack(0x00000012df300000,0x00000012df400000)]
  0x000001dc7cae0470 JavaThread "Signal Dispatcher" daemon [_thread_blocked, id=3208, stack(0x00000012df400000,0x00000012df500000)]
  0x000001dc7cae1000 JavaThread "Attach Listener" daemon [_thread_blocked, id=7632, stack(0x00000012df500000,0x00000012df600000)]
  0x000001dc7cae2a40 JavaThread "Service Thread" daemon [_thread_blocked, id=13004, stack(0x00000012df600000,0x00000012df700000)]
  0x000001dc7cae3310 JavaThread "Monitor Deflation Thread" daemon [_thread_blocked, id=13036, stack(0x00000012df700000,0x00000012df800000)]
  0x000001dc7cae3fc0 JavaThread "C2 CompilerThread0" daemon [_thread_blocked, id=9500, stack(0x00000012df800000,0x00000012df900000)]
  0x000001dc7cae4980 JavaThread "C1 CompilerThread0" daemon [_thread_blocked, id=9384, stack(0x00000012df900000,0x00000012dfa00000)]
  0x000001dc7caf8070 JavaThread "Sweeper thread" daemon [_thread_blocked, id=1372, stack(0x00000012dfa00000,0x00000012dfb00000)]
  0x000001dc7caaf310 JavaThread "Common-Cleaner" daemon [_thread_blocked, id=10524, stack(0x00000012dfb00000,0x00000012dfc00000)]
  0x000001dc7cd4c020 JavaThread "Notification Thread" daemon [_thread_blocked, id=13664, stack(0x00000012dfc00000,0x00000012dfd00000)]
  0x000001dc7dddddc0 JavaThread "Daemon health stats" [_thread_blocked, id=14684, stack(0x00000012dff00000,0x00000012e0000000)]
  0x000001dc7eabac50 JavaThread "Incoming local TCP Connector on port 58790" [_thread_in_native, id=13608, stack(0x00000012e0500000,0x00000012e0600000)]
  0x000001dc7ec43840 JavaThread "Daemon periodic checks" [_thread_blocked, id=18652, stack(0x00000012e0600000,0x00000012e0700000)]
  0x000001dc7ed25750 JavaThread "Cache worker for journal cache (C:\Users\intel\.gradle\caches\journal-1)" [_thread_blocked, id=12228, stack(0x00000012e0e00000,0x00000012e0f00000)]
  0x000001dc7ed238f0 JavaThread "File lock request listener" [_thread_in_native, id=12376, stack(0x00000012e0f00000,0x00000012e1000000)]
  0x000001dc7ed26170 JavaThread "Cache worker for file hash cache (C:\Users\intel\.gradle\caches\9.0.0\fileHashes)" [_thread_blocked, id=11544, stack(0x00000012dfe00000,0x00000012dff00000)]
  0x000001dc7ed26b90 JavaThread "File watcher server" daemon [_thread_blocked, id=10220, stack(0x00000012e1700000,0x00000012e1800000)]
  0x000001dc7ed23e00 JavaThread "File watcher consumer" daemon [_thread_blocked, id=17604, stack(0x00000012e1800000,0x00000012e1900000)]
  0x000001dc2e69c5c0 JavaThread "Cache worker for file content cache (C:\Users\intel\.gradle\caches\9.0.0\fileContent)" [_thread_blocked, id=7672, stack(0x00000012e1400000,0x00000012e1500000)]
  0x000001dc2e69c0b0 JavaThread "jar transforms" [_thread_blocked, id=9700, stack(0x00000012e0b00000,0x00000012e0c00000)]
  0x000001dc2f426310 JavaThread "Memory manager" [_thread_blocked, id=14748, stack(0x00000012e3600000,0x00000012e3700000)]
  0x000001dc31b2a0e0 JavaThread "jar transforms Thread 2" [_thread_blocked, id=5596, stack(0x00000012e7a00000,0x00000012e7b00000)]
  0x000001dc31b2ab00 JavaThread "jar transforms Thread 3" [_thread_blocked, id=7196, stack(0x00000012e7b00000,0x00000012e7c00000)]
  0x000001dc312cffe0 JavaThread "jar transforms Thread 4" [_thread_blocked, id=15296, stack(0x00000012e8100000,0x00000012e8200000)]
  0x000001dc312c9590 JavaThread "jar transforms Thread 5" [_thread_blocked, id=1160, stack(0x00000012e8200000,0x00000012e8300000)]
  0x000001dc312cf5c0 JavaThread "jar transforms Thread 6" [_thread_blocked, id=19792, stack(0x00000012e8300000,0x00000012e8400000)]
  0x000001dc312ce180 JavaThread "jar transforms Thread 7" [_thread_blocked, id=13812, stack(0x00000012e8500000,0x00000012e8600000)]
  0x000001dc312cb3f0 JavaThread "jar transforms Thread 8" [_thread_blocked, id=17568, stack(0x00000012e8600000,0x00000012e8700000)]
  0x000001dc2e69cad0 JavaThread "pool-3-thread-1" [_thread_blocked, id=20104, stack(0x00000012e8b00000,0x00000012e8c00000)]
  0x000001dc3b768370 JavaThread "Daemon Thread 3" [_thread_blocked, id=17836, stack(0x00000012de800000,0x00000012de900000)]
  0x000001dc38d82740 JavaThread "Handler for socket connection from /127.0.0.1:58790 to /127.0.0.1:60898" [_thread_in_native, id=3800, stack(0x00000012de900000,0x00000012dea00000)]
  0x000001dc38d7ea80 JavaThread "Cancel handler" [_thread_blocked, id=4840, stack(0x00000012dea00000,0x00000012deb00000)]
  0x000001dc38d84ab0 JavaThread "Daemon worker Thread 3" [_thread_blocked, id=9660, stack(0x00000012e0700000,0x00000012e0800000)]
  0x000001dc3cac42e0 JavaThread "Asynchronous log dispatcher for DefaultDaemonConnection: socket connection from /127.0.0.1:58790 to /127.0.0.1:60898" [_thread_blocked, id=12692, stack(0x00000012e0800000,0x00000012e0900000)]
  0x000001dc3cac3dd0 JavaThread "Stdin handler" [_thread_blocked, id=5240, stack(0x00000012e0900000,0x00000012e0a00000)]
  0x000001dc314d3dd0 JavaThread "Daemon client event forwarder" [_thread_blocked, id=17720, stack(0x00000012e0a00000,0x00000012e0b00000)]
  0x000001dc314d33b0 JavaThread "Cache worker for file hash cache (D:\Reactnativeprojects\DomiGO\android\.gradle\9.0.0\fileHashes)" [_thread_blocked, id=17880, stack(0x00000012e0c00000,0x00000012e0d00000)]
  0x000001dc314d42e0 JavaThread "Cache worker for Build Output Cleanup Cache (D:\Reactnativeprojects\DomiGO\android\.gradle\buildOutputCleanup)" [_thread_blocked, id=13432, stack(0x00000012e0d00000,0x00000012e0e00000)]
  0x000001dc314d5210 JavaThread "Cache worker for checksums cache (D:\Reactnativeprojects\DomiGO\android\.gradle\9.0.0\checksums)" [_thread_blocked, id=3356, stack(0x00000012e1000000,0x00000012e1100000)]
  0x000001dc322eda00 JavaThread "Cache worker for cache directory md-supplier (C:\Users\intel\.gradle\caches\9.0.0\md-supplier)" [_thread_blocked, id=6088, stack(0x00000012e1500000,0x00000012e1600000)]
  0x000001dc3a7f9840 JavaThread "Cache worker for cache directory md-rule (C:\Users\intel\.gradle\caches\9.0.0\md-rule)" [_thread_blocked, id=2468, stack(0x00000012e1600000,0x00000012e1700000)]
  0x000001dc3a7f9d50 JavaThread "Cache worker for Build Output Cleanup Cache (D:\Reactnativeprojects\DomiGO\node_modules\@react-native\gradle-plugin\.gradle\buildOutputCleanup)" [_thread_blocked, id=17872, stack(0x00000012e1900000,0x00000012e1a00000)]
  0x000001dc3a7f8e20 JavaThread "Unconstrained build operations" [_thread_blocked, id=19724, stack(0x00000012e1a00000,0x00000012e1b00000)]
  0x000001dc3a7fa260 JavaThread "Unconstrained build operations Thread 2" [_thread_blocked, id=13692, stack(0x00000012e1b00000,0x00000012e1c00000)]
  0x000001dc38d83160 JavaThread "Unconstrained build operations Thread 3" [_thread_blocked, id=3320, stack(0x00000012e1c00000,0x00000012e1d00000)]
  0x000001dc38d81d20 JavaThread "Unconstrained build operations Thread 4" [_thread_blocked, id=14692, stack(0x00000012e1d00000,0x00000012e1e00000)]
  0x000001dc38d83b80 JavaThread "Unconstrained build operations Thread 5" [_thread_blocked, id=1836, stack(0x00000012e2000000,0x00000012e2100000)]
  0x000001dc38d81300 JavaThread "Unconstrained build operations Thread 6" [_thread_blocked, id=20308, stack(0x00000012e2100000,0x00000012e2200000)]
  0x000001dc38d82c50 JavaThread "Unconstrained build operations Thread 7" [_thread_blocked, id=3608, stack(0x00000012e2200000,0x00000012e2300000)]
  0x000001dc38d83670 JavaThread "Unconstrained build operations Thread 8" [_thread_blocked, id=13204, stack(0x00000012e2300000,0x00000012e2400000)]
  0x000001dc38d7e060 JavaThread "Unconstrained build operations Thread 9" [_thread_blocked, id=7248, stack(0x00000012e2400000,0x00000012e2500000)]
  0x000001dc38d84090 JavaThread "Unconstrained build operations Thread 10" [_thread_blocked, id=6080, stack(0x00000012e2500000,0x00000012e2600000)]
  0x000001dc38d859e0 JavaThread "Unconstrained build operations Thread 11" [_thread_blocked, id=14268, stack(0x00000012e2600000,0x00000012e2700000)]
  0x000001dc38d7ef90 JavaThread "Unconstrained build operations Thread 12" [_thread_blocked, id=16956, stack(0x00000012e2700000,0x00000012e2800000)]
  0x000001dc38d7f9b0 JavaThread "Unconstrained build operations Thread 13" [_thread_blocked, id=17444, stack(0x00000012e2800000,0x00000012e2900000)]
  0x000001dc38d845a0 JavaThread "Unconstrained build operations Thread 14" [_thread_blocked, id=16224, stack(0x00000012e2900000,0x00000012e2a00000)]
  0x000001dc38d7f4a0 JavaThread "Unconstrained build operations Thread 15" [_thread_blocked, id=10680, stack(0x00000012e2a00000,0x00000012e2b00000)]
  0x000001dc38d84fc0 JavaThread "Unconstrained build operations Thread 16" [_thread_blocked, id=10924, stack(0x00000012e2b00000,0x00000012e2c00000)]
  0x000001dc38d854d0 JavaThread "Unconstrained build operations Thread 17" [_thread_blocked, id=20060, stack(0x00000012e2c00000,0x00000012e2d00000)]
  0x000001dc38d803d0 JavaThread "Unconstrained build operations Thread 18" [_thread_blocked, id=3440, stack(0x00000012e2d00000,0x00000012e2e00000)]
  0x000001dc322eb690 JavaThread "build event listener" [_thread_blocked, id=11120, stack(0x00000012e2e00000,0x00000012e2f00000)]
  0x000001dc322ec5c0 JavaThread "ForkJoinPool.commonPool-worker-8" daemon [_thread_blocked, id=20268, stack(0x00000012e2f00000,0x00000012e3000000)]
  0x000001dc39fe2ec0 JavaThread "ForkJoinPool.commonPool-worker-9" daemon [_thread_blocked, id=17092, stack(0x00000012e3000000,0x00000012e3100000)]
  0x000001dc39fdfc20 JavaThread "ForkJoinPool.commonPool-worker-10" daemon [_thread_blocked, id=5276, stack(0x00000012e3100000,0x00000012e3200000)]
  0x000001dc322eb180 JavaThread "ForkJoinPool.commonPool-worker-11" daemon [_thread_blocked, id=17064, stack(0x00000012e3200000,0x00000012e3300000)]
  0x000001dc39fe33d0 JavaThread "ForkJoinPool.commonPool-worker-12" daemon [_thread_blocked, id=17016, stack(0x00000012e3300000,0x00000012e3400000)]
  0x000001dc39fe1a80 JavaThread "ForkJoinPool.commonPool-worker-13" daemon [_thread_blocked, id=16284, stack(0x00000012e3400000,0x00000012e3500000)]
  0x000001dc322ee420 JavaThread "included builds" [_thread_blocked, id=2308, stack(0x00000012e3500000,0x00000012e3600000)]
  0x000001dc314d2ea0 JavaThread "Execution worker" [_thread_blocked, id=19704, stack(0x00000012e3700000,0x00000012e3800000)]
  0x000001dc314d47f0 JavaThread "Execution worker Thread 2" [_thread_blocked, id=18648, stack(0x00000012e3800000,0x00000012e3900000)]
  0x000001dc314d4d00 JavaThread "Execution worker Thread 3" [_thread_blocked, id=9160, stack(0x00000012e3900000,0x00000012e3a00000)]
  0x000001dc314d38c0 JavaThread "Execution worker Thread 4" [_thread_blocked, id=7100, stack(0x00000012e3a00000,0x00000012e3b00000)]
  0x000001dc314d5720 JavaThread "Execution worker Thread 5" [_thread_blocked, id=7564, stack(0x00000012e3b00000,0x00000012e3c00000)]
  0x000001dc314d5c30 JavaThread "Execution worker Thread 6" [_thread_blocked, id=2076, stack(0x00000012e3c00000,0x00000012e3d00000)]
  0x000001dc314d6140 JavaThread "Execution worker Thread 7" [_thread_blocked, id=14976, stack(0x00000012e3d00000,0x00000012e3e00000)]
  0x000001dc314d2990 JavaThread "Cache worker for execution history cache (D:\Reactnativeprojects\DomiGO\node_modules\@react-native\gradle-plugin\.gradle\9.0.0\executionHistory)" [_thread_blocked, id=20172, stack(0x00000012e3e00000,0x00000012e3f00000)]
  0x000001dc3aa5e240 JavaThread "Unconstrained build operations Thread 19" [_thread_blocked, id=14652, stack(0x00000012e3f00000,0x00000012e4000000)]
  0x000001dc3aa5c8f0 JavaThread "Unconstrained build operations Thread 20" [_thread_blocked, id=16840, stack(0x00000012e4000000,0x00000012e4100000)]
  0x000001dc3aa5b9c0 JavaThread "Unconstrained build operations Thread 21" [_thread_blocked, id=13756, stack(0x00000012e4100000,0x00000012e4200000)]
  0x000001dc3aa5bed0 JavaThread "Unconstrained build operations Thread 22" [_thread_blocked, id=18004, stack(0x00000012e4200000,0x00000012e4300000)]
  0x000001dc3aa5ce00 JavaThread "Unconstrained build operations Thread 23" [_thread_blocked, id=14120, stack(0x00000012e4300000,0x00000012e4400000)]
  0x000001dc3aa5ec60 JavaThread "Unconstrained build operations Thread 24" [_thread_blocked, id=19288, stack(0x00000012e4400000,0x00000012e4500000)]
  0x000001dc3aa5f170 JavaThread "Unconstrained build operations Thread 25" [_thread_blocked, id=15692, stack(0x00000012e4500000,0x00000012e4600000)]
  0x000001dc3aa5d310 JavaThread "Unconstrained build operations Thread 26" [_thread_blocked, id=13280, stack(0x00000012e4600000,0x00000012e4700000)]
  0x000001dc3aa5c3e0 JavaThread "Unconstrained build operations Thread 27" [_thread_blocked, id=16664, stack(0x00000012e4700000,0x00000012e4800000)]
  0x000001dc3aa5d820 JavaThread "Unconstrained build operations Thread 28" [_thread_blocked, id=12256, stack(0x00000012e4800000,0x00000012e4900000)]
  0x000001dc3aa5dd30 JavaThread "Unconstrained build operations Thread 29" [_thread_blocked, id=9108, stack(0x00000012e4900000,0x00000012e4a00000)]
  0x000001dc3aa5e750 JavaThread "Unconstrained build operations Thread 30" [_thread_blocked, id=13160, stack(0x00000012e4a00000,0x00000012e4b00000)]
  0x000001dc3cecc940 JavaThread "Unconstrained build operations Thread 31" [_thread_blocked, id=2560, stack(0x00000012e4b00000,0x00000012e4c00000)]
  0x000001dc3cecce50 JavaThread "Unconstrained build operations Thread 32" [_thread_blocked, id=17912, stack(0x00000012e4c00000,0x00000012e4d00000)]
  0x000001dc3cecd360 JavaThread "Unconstrained build operations Thread 33" [_thread_blocked, id=12208, stack(0x00000012e4d00000,0x00000012e4e00000)]
  0x000001dc322ebba0 JavaThread "Unconstrained build operations Thread 34" [_thread_blocked, id=6944, stack(0x00000012e4e00000,0x00000012e4f00000)]
  0x000001dc322ecfe0 JavaThread "Unconstrained build operations Thread 35" [_thread_blocked, id=10368, stack(0x00000012e4f00000,0x00000012e5000000)]
  0x000001dc322ecad0 JavaThread "Unconstrained build operations Thread 36" [_thread_blocked, id=19116, stack(0x00000012e5000000,0x00000012e5100000)]
  0x000001dc322ed4f0 JavaThread "Unconstrained build operations Thread 37" [_thread_blocked, id=17328, stack(0x00000012e5100000,0x00000012e5200000)]
  0x000001dc322ee930 JavaThread "Unconstrained build operations Thread 38" [_thread_blocked, id=19960, stack(0x00000012e5200000,0x00000012e5300000)]
  0x000001dc322edf10 JavaThread "Unconstrained build operations Thread 39" [_thread_blocked, id=16548, stack(0x00000012e5300000,0x00000012e5400000)]
  0x000001dc32c0e800 JavaThread "Unconstrained build operations Thread 40" [_thread_blocked, id=1176, stack(0x00000012e5400000,0x00000012e5500000)]
  0x000001dc32c0c490 JavaThread "Unconstrained build operations Thread 41" [_thread_blocked, id=11896, stack(0x00000012e5500000,0x00000012e5600000)]
  0x000001dc32c0e2f0 JavaThread "Unconstrained build operations Thread 42" [_thread_blocked, id=11408, stack(0x00000012e5600000,0x00000012e5700000)]
  0x000001dc32c0c9a0 JavaThread "Unconstrained build operations Thread 43" [_thread_blocked, id=17392, stack(0x00000012e5700000,0x00000012e5800000)]
  0x000001dc32c0d8d0 JavaThread "Unconstrained build operations Thread 44" [_thread_blocked, id=9528, stack(0x00000012e5800000,0x00000012e5900000)]
  0x000001dc32c0dde0 JavaThread "Unconstrained build operations Thread 45" [_thread_blocked, id=6356, stack(0x00000012e5900000,0x00000012e5a00000)]
  0x000001dc32c0ed10 JavaThread "Unconstrained build operations Thread 46" [_thread_blocked, id=14232, stack(0x00000012e5a00000,0x00000012e5b00000)]
  0x000001dc32c0bf80 JavaThread "Unconstrained build operations Thread 47" [_thread_blocked, id=20180, stack(0x00000012e5b00000,0x00000012e5c00000)]
  0x000001dc32c0ceb0 JavaThread "Unconstrained build operations Thread 48" [_thread_blocked, id=10916, stack(0x00000012e5c00000,0x00000012e5d00000)]
  0x000001dc32c0d3c0 JavaThread "Unconstrained build operations Thread 49" [_thread_blocked, id=5068, stack(0x00000012e5d00000,0x00000012e5e00000)]
  0x000001dc32c0b560 JavaThread "Unconstrained build operations Thread 50" [_thread_blocked, id=18596, stack(0x00000012e5e00000,0x00000012e5f00000)]
  0x000001dc32c0ba70 JavaThread "Unconstrained build operations Thread 51" [_thread_blocked, id=18276, stack(0x00000012e5f00000,0x00000012e6000000)]
  0x000001dc7f249d30 JavaThread "Unconstrained build operations Thread 52" [_thread_blocked, id=15068, stack(0x00000012e6000000,0x00000012e6100000)]
  0x000001dc7f248e00 JavaThread "Unconstrained build operations Thread 53" [_thread_blocked, id=10028, stack(0x00000012e6100000,0x00000012e6200000)]
  0x000001dc7f2488f0 JavaThread "Unconstrained build operations Thread 54" [_thread_blocked, id=19776, stack(0x00000012e6200000,0x00000012e6300000)]
  0x000001dc38d7fec0 JavaThread "Unconstrained build operations Thread 55" [_thread_blocked, id=16852, stack(0x00000012e6300000,0x00000012e6400000)]
  0x000001dc38d808e0 JavaThread "Unconstrained build operations Thread 56" [_thread_blocked, id=14956, stack(0x00000012e6400000,0x00000012e6500000)]
  0x000001dc30914830 JavaThread "Unconstrained build operations Thread 57" [_thread_blocked, id=5788, stack(0x00000012e6500000,0x00000012e6600000)]
  0x000001dc30910150 JavaThread "Unconstrained build operations Thread 58" [_thread_blocked, id=3640, stack(0x00000012e6600000,0x00000012e6700000)]
  0x000001dc30910b70 JavaThread "Unconstrained build operations Thread 59" [_thread_blocked, id=19836, stack(0x00000012e6700000,0x00000012e6800000)]
  0x000001dc30911aa0 JavaThread "Unconstrained build operations Thread 60" [_thread_blocked, id=7560, stack(0x00000012e6800000,0x00000012e6900000)]
  0x000001dc30916180 JavaThread "Unconstrained build operations Thread 61" [_thread_blocked, id=6552, stack(0x00000012e6900000,0x00000012e6a00000)]
  0x000001dc384caf60 JavaThread "Unconstrained build operations Thread 62" [_thread_blocked, id=9676, stack(0x00000012e6a00000,0x00000012e6b00000)]
  0x000001dc384ccdc0 JavaThread "Unconstrained build operations Thread 63" [_thread_blocked, id=8008, stack(0x00000012e6b00000,0x00000012e6c00000)]
  0x000001dc384cc8b0 JavaThread "Unconstrained build operations Thread 64" [_thread_blocked, id=1736, stack(0x00000012e6c00000,0x00000012e6d00000)]
  0x000001dc384cbe90 JavaThread "Unconstrained build operations Thread 65" [_thread_blocked, id=15884, stack(0x00000012e6d00000,0x00000012e6e00000)]
  0x000001dc384ca540 JavaThread "Unconstrained build operations Thread 66" [_thread_blocked, id=12772, stack(0x00000012e6e00000,0x00000012e6f00000)]
  0x000001dc384cb470 JavaThread "Unconstrained build operations Thread 67" [_thread_blocked, id=19596, stack(0x00000012e6f00000,0x00000012e7000000)]
  0x000001dc384caa50 JavaThread "Unconstrained build operations Thread 68" [_thread_blocked, id=15580, stack(0x00000012e7000000,0x00000012e7100000)]
  0x000001dc384cc3a0 JavaThread "build event listener" [_thread_blocked, id=7872, stack(0x00000012e7100000,0x00000012e7200000)]
  0x000001dc384cb980 JavaThread "Problems report writer" [_thread_blocked, id=12696, stack(0x00000012e7200000,0x00000012e7300000)]
  0x000001dc392d8290 JavaThread "Unconstrained build operations Thread 69" [_thread_blocked, id=12016, stack(0x00000012e7300000,0x00000012e7400000)]
  0x000001dc392d87a0 JavaThread "Unconstrained build operations Thread 70" [_thread_blocked, id=2728, stack(0x00000012e7400000,0x00000012e7500000)]
  0x000001dc390683d0 JavaThread "Unconstrained build operations Thread 71" [_thread_blocked, id=16188, stack(0x00000012e7500000,0x00000012e7600000)]
  0x000001dc39067ec0 JavaThread "Unconstrained build operations Thread 72" [_thread_blocked, id=11564, stack(0x00000012e7600000,0x00000012e7700000)]
  0x000001dc390688e0 JavaThread "Unconstrained build operations Thread 73" [_thread_blocked, id=424, stack(0x00000012e7700000,0x00000012e7800000)]
  0x000001dc39068df0 JavaThread "Unconstrained build operations Thread 74" [_thread_blocked, id=16296, stack(0x00000012e7800000,0x00000012e7900000)]
  0x000001dc39069300 JavaThread "Unconstrained build operations Thread 75" [_thread_blocked, id=8276, stack(0x00000012e7900000,0x00000012e7a00000)]
  0x000001dc7f24a240 JavaThread "Unconstrained build operations Thread 76" [_thread_blocked, id=19720, stack(0x00000012e7c00000,0x00000012e7d00000)]
  0x000001dc7f24a750 JavaThread "Unconstrained build operations Thread 77" [_thread_blocked, id=12688, stack(0x00000012e7d00000,0x00000012e7e00000)]
  0x000001dc7f24ac60 JavaThread "Unconstrained build operations Thread 78" [_thread_blocked, id=9152, stack(0x00000012e7e00000,0x00000012e7f00000)]
  0x000001dc39fe0640 JavaThread "Unconstrained build operations Thread 79" [_thread_blocked, id=13924, stack(0x00000012e7f00000,0x00000012e8000000)]
  0x000001dc39fe1f90 JavaThread "Unconstrained build operations Thread 80" [_thread_blocked, id=3228, stack(0x00000012e8000000,0x00000012e8100000)]
  0x000001dc39069810 JavaThread "Exec process Thread 4" [_thread_blocked, id=2180, stack(0x00000012e8400000,0x00000012e8500000)]
  0x000001dc7f24b680 JavaThread "Exec process Thread 5" [_thread_blocked, id=6296, stack(0x00000012e8700000,0x00000012e8800000)]
  0x000001dc7f24b170 JavaThread "Exec process Thread 6" [_thread_blocked, id=8580, stack(0x00000012e8800000,0x00000012e8900000)]
  0x000001dc3c444a20 JavaThread "C2 CompilerThread1" daemon [_thread_blocked, id=2324, stack(0x00000012e1e00000,0x00000012e1f00000)]
  0x000001dc384cd7e0 JavaThread "ForkJoinPool.commonPool-worker-14" daemon [_thread_blocked, id=1576, stack(0x00000012e1f00000,0x00000012e2000000)]
  0x000001dc31e64c20 JavaThread "C2 CompilerThread2" daemon [_thread_blocked, id=13888, stack(0x00000012e8e00000,0x00000012e8f00000)]

Other Threads:
=>0x000001dc7cabebc0 VMThread "VM Thread" [stack: 0x00000012df100000,0x00000012df200000] [id=16796]
  0x000001dc6d5f0b70 WatcherThread [stack: 0x00000012dfd00000,0x00000012dfe00000] [id=6228]
  0x000001dc6b36d8a0 GCTaskThread "GC Thread#0" [stack: 0x00000012dec00000,0x00000012ded00000] [id=8080]
  0x000001dc7d28db30 GCTaskThread "GC Thread#1" [stack: 0x00000012e0000000,0x00000012e0100000] [id=9680]
  0x000001dc7d548da0 GCTaskThread "GC Thread#2" [stack: 0x00000012e0100000,0x00000012e0200000] [id=9484]
  0x000001dc7cdb3fe0 GCTaskThread "GC Thread#3" [stack: 0x00000012e0200000,0x00000012e0300000] [id=16264]
  0x000001dc7d464cc0 GCTaskThread "GC Thread#4" [stack: 0x00000012e0300000,0x00000012e0400000] [id=2172]
  0x000001dc7d464f80 GCTaskThread "GC Thread#5" [stack: 0x00000012e0400000,0x00000012e0500000] [id=18552]
  0x000001dc7ee89180 GCTaskThread "GC Thread#6" [stack: 0x00000012e1100000,0x00000012e1200000] [id=7408]
  0x000001dc7ee87b80 GCTaskThread "GC Thread#7" [stack: 0x00000012e1200000,0x00000012e1300000] [id=12536]
  0x000001dc6b36e6d0 ConcurrentGCThread "G1 Main Marker" [stack: 0x00000012ded00000,0x00000012dee00000] [id=9508]
  0x000001dc6d65bed0 ConcurrentGCThread "G1 Conc#0" [stack: 0x00000012dee00000,0x00000012def00000] [id=18400]
  0x000001dc7ee87600 ConcurrentGCThread "G1 Conc#1" [stack: 0x00000012e1300000,0x00000012e1400000] [id=10972]
  0x000001dc6d6ad870 ConcurrentGCThread "G1 Refine#0" [stack: 0x00000012def00000,0x00000012df000000] [id=8296]
  0x000001dc3b68f660 ConcurrentGCThread "G1 Refine#1" [stack: 0x00000012e8900000,0x00000012e8a00000] [id=88]
  0x000001dc3b68d610 ConcurrentGCThread "G1 Refine#2" [stack: 0x00000012e8a00000,0x00000012e8b00000] [id=13340]
  0x000001dc3b68f950 ConcurrentGCThread "G1 Refine#3" [stack: 0x00000012e8c00000,0x00000012e8d00000] [id=11064]
  0x000001dc3b68d030 ConcurrentGCThread "G1 Refine#4" [stack: 0x00000012e8d00000,0x00000012e8e00000] [id=19616]
  0x000001dc3b68d320 ConcurrentGCThread "G1 Refine#5" [stack: 0x00000012e8f00000,0x00000012e9000000] [id=7740]
  0x000001dc3b68c760 ConcurrentGCThread "G1 Refine#6" [stack: 0x00000012e9000000,0x00000012e9100000] [id=13800]
  0x000001dc6d6ae1b0 ConcurrentGCThread "G1 Service" [stack: 0x00000012df000000,0x00000012df100000] [id=5712]

Threads with active compile tasks:
C2 CompilerThread0  10287159 27371       4       org.gradle.api.internal.artifacts.ivyservice.resolveengine.graph.builder.EdgeState::selectTargetVariants (187 bytes)
C2 CompilerThread1  10287159 27360       4       org.gradle.api.internal.artifacts.ivyservice.resolveengine.graph.builder.ComponentState::getSelectionReason (122 bytes)
C2 CompilerThread2  10287159 27277       4       org.gradle.api.internal.artifacts.ivyservice.resolveengine.result.ComponentSelectionReasonSerializer::write (63 bytes)

VM state: at safepoint (normal execution)

VM Mutex/Monitor currently owned by a thread:  ([mutex/lock_event])
[0x000001dc6d5eb8d0] Threads_lock - owner thread: 0x000001dc7cabebc0
[0x000001dc6d5ea7f0] Heap_lock - owner thread: 0x000001dc38d84ab0

Heap address: 0x0000000080000000, size: 2048 MB, Compressed Oops mode: 32-bit

CDS archive(s) mapped at: [0x000001dc0f000000-0x000001dc0fbb0000-0x000001dc0fbb0000), size 12255232, SharedBaseAddress: 0x000001dc0f000000, ArchiveRelocationMode: 1.
Compressed class space mapped at: 0x000001dc10000000-0x000001dc2a000000, reserved size: 436207616
Narrow klass base: 0x000001dc0f000000, Narrow klass shift: 0, Narrow klass range: 0x100000000

GC Precious Log:
 CPUs: 8 total, 8 available
 Memory: 16067M
 Large Page Support: Disabled
 NUMA Support: Disabled
 Compressed Oops: Enabled (32-bit)
 Heap Region Size: 1M
 Heap Min Capacity: 8M
 Heap Initial Capacity: 252M
 Heap Max Capacity: 2G
 Pre-touch: Disabled
 Parallel Workers: 8
 Concurrent Workers: 2
 Concurrent Refinement Workers: 8
 Periodic GC: Disabled

Heap:
 garbage-first heap   total 829440K, used 319566K [0x0000000080000000, 0x0000000100000000)
  region size 1024K, 5 young (5120K), 5 survivors (5120K)
 Metaspace       used 141118K, committed 144000K, reserved 557056K
  class space    used 18864K, committed 20224K, reserved 425984K

Heap Regions: E=young(eden), S=young(survivor), O=old, HS=humongous(starts), HC=humongous(continues), CS=collection set, F=free, OA=open archive, CA=closed archive, TAMS=top-at-mark-start (previous, next)
|   0|0x0000000080000000, 0x0000000080100000, 0x0000000080100000|100%|HS|  |TAMS 0x0000000080100000, 0x0000000080000000| Complete 
|   1|0x0000000080100000, 0x0000000080200000, 0x0000000080200000|100%|HC|  |TAMS 0x0000000080200000, 0x0000000080100000| Complete 
|   2|0x0000000080200000, 0x0000000080300000, 0x0000000080300000|100%|HC|  |TAMS 0x0000000080300000, 0x0000000080200000| Complete 
|   3|0x0000000080300000, 0x0000000080400000, 0x0000000080400000|100%| O|  |TAMS 0x0000000080400000, 0x0000000080300000| Untracked 
|   4|0x0000000080400000, 0x0000000080500000, 0x0000000080500000|100%| O|  |TAMS 0x0000000080500000, 0x0000000080400000| Untracked 
|   5|0x0000000080500000, 0x0000000080600000, 0x0000000080600000|100%| O|  |TAMS 0x0000000080600000, 0x0000000080500000| Untracked 
|   6|0x0000000080600000, 0x0000000080700000, 0x0000000080700000|100%|HS|  |TAMS 0x0000000080700000, 0x0000000080600000| Complete 
|   7|0x0000000080700000, 0x0000000080800000, 0x0000000080800000|100%| O|  |TAMS 0x0000000080800000, 0x0000000080700000| Untracked 
|   8|0x0000000080800000, 0x0000000080900000, 0x0000000080900000|100%| O|  |TAMS 0x0000000080900000, 0x0000000080800000| Untracked 
|   9|0x0000000080900000, 0x0000000080a00000, 0x0000000080a00000|100%| O|  |TAMS 0x0000000080a00000, 0x0000000080900000| Untracked 
|  10|0x0000000080a00000, 0x0000000080b00000, 0x0000000080b00000|100%| O|  |TAMS 0x0000000080b00000, 0x0000000080a00000| Untracked 
|  11|0x0000000080b00000, 0x0000000080c00000, 0x0000000080c00000|100%| O|  |TAMS 0x0000000080c00000, 0x0000000080b00000| Untracked 
|  12|0x0000000080c00000, 0x0000000080d00000, 0x0000000080d00000|100%| O|  |TAMS 0x0000000080d00000, 0x0000000080c00000| Untracked 
|  13|0x0000000080d00000, 0x0000000080e00000, 0x0000000080e00000|100%| O|  |TAMS 0x0000000080e00000, 0x0000000080d00000| Untracked 
|  14|0x0000000080e00000, 0x0000000080f00000, 0x0000000080f00000|100%| O|  |TAMS 0x0000000080f00000, 0x0000000080e00000| Untracked 
|  15|0x0000000080f00000, 0x0000000081000000, 0x0000000081000000|100%| O|  |TAMS 0x0000000081000000, 0x0000000080f00000| Untracked 
|  16|0x0000000081000000, 0x0000000081100000, 0x0000000081100000|100%| O|  |TAMS 0x0000000081100000, 0x0000000081000000| Untracked 
|  17|0x0000000081100000, 0x0000000081200000, 0x0000000081200000|100%| O|  |TAMS 0x0000000081200000, 0x0000000081100000| Untracked 
|  18|0x0000000081200000, 0x0000000081300000, 0x0000000081300000|100%| O|  |TAMS 0x0000000081300000, 0x0000000081200000| Untracked 
|  19|0x0000000081300000, 0x0000000081400000, 0x0000000081400000|100%| O|  |TAMS 0x0000000081400000, 0x0000000081300000| Untracked 
|  20|0x0000000081400000, 0x0000000081500000, 0x0000000081500000|100%| O|  |TAMS 0x0000000081500000, 0x0000000081400000| Untracked 
|  21|0x0000000081500000, 0x0000000081600000, 0x0000000081600000|100%| O|  |TAMS 0x0000000081600000, 0x0000000081500000| Untracked 
|  22|0x0000000081600000, 0x0000000081700000, 0x0000000081700000|100%| O|  |TAMS 0x0000000081700000, 0x0000000081600000| Untracked 
|  23|0x0000000081700000, 0x0000000081800000, 0x0000000081800000|100%| O|  |TAMS 0x0000000081800000, 0x0000000081700000| Untracked 
|  24|0x0000000081800000, 0x0000000081900000, 0x0000000081900000|100%| O|  |TAMS 0x0000000081900000, 0x0000000081800000| Untracked 
|  25|0x0000000081900000, 0x0000000081a00000, 0x0000000081a00000|100%| O|  |TAMS 0x0000000081a00000, 0x0000000081900000| Untracked 
|  26|0x0000000081a00000, 0x0000000081b00000, 0x0000000081b00000|100%| O|  |TAMS 0x0000000081b00000, 0x0000000081a00000| Untracked 
|  27|0x0000000081b00000, 0x0000000081c00000, 0x0000000081c00000|100%| O|  |TAMS 0x0000000081c00000, 0x0000000081b00000| Untracked 
|  28|0x0000000081c00000, 0x0000000081d00000, 0x0000000081d00000|100%| O|  |TAMS 0x0000000081d00000, 0x0000000081c00000| Untracked 
|  29|0x0000000081d00000, 0x0000000081e00000, 0x0000000081e00000|100%| O|  |TAMS 0x0000000081e00000, 0x0000000081d00000| Untracked 
|  30|0x0000000081e00000, 0x0000000081f00000, 0x0000000081f00000|100%| O|  |TAMS 0x0000000081f00000, 0x0000000081e00000| Untracked 
|  31|0x0000000081f00000, 0x0000000082000000, 0x0000000082000000|100%|HS|  |TAMS 0x0000000082000000, 0x0000000081f00000| Complete 
|  32|0x0000000082000000, 0x00000000820daa00, 0x0000000082100000| 85%| O|  |TAMS 0x00000000820daa00, 0x0000000082000000| Untracked 
|  33|0x0000000082100000, 0x0000000082100000, 0x0000000082200000|  0%| F|  |TAMS 0x0000000082100000, 0x0000000082100000| Untracked 
|  34|0x0000000082200000, 0x0000000082300000, 0x0000000082300000|100%| O|  |TAMS 0x0000000082300000, 0x0000000082200000| Untracked 
|  35|0x0000000082300000, 0x0000000082400000, 0x0000000082400000|100%| O|  |TAMS 0x0000000082400000, 0x0000000082300000| Untracked 
|  36|0x0000000082400000, 0x0000000082500000, 0x0000000082500000|100%| O|  |TAMS 0x0000000082500000, 0x0000000082400000| Untracked 
|  37|0x0000000082500000, 0x0000000082600000, 0x0000000082600000|100%| O|  |TAMS 0x0000000082600000, 0x0000000082500000| Untracked 
|  38|0x0000000082600000, 0x0000000082700000, 0x0000000082700000|100%| O|  |TAMS 0x0000000082700000, 0x0000000082600000| Untracked 
|  39|0x0000000082700000, 0x0000000082800000, 0x0000000082800000|100%| O|  |TAMS 0x0000000082700000, 0x0000000082700000| Untracked 
|  40|0x0000000082800000, 0x0000000082900000, 0x0000000082900000|100%| O|  |TAMS 0x0000000082900000, 0x0000000082800000| Untracked 
|  41|0x0000000082900000, 0x0000000082a00000, 0x0000000082a00000|100%| O|  |TAMS 0x0000000082a00000, 0x0000000082900000| Untracked 
|  42|0x0000000082a00000, 0x0000000082b00000, 0x0000000082b00000|100%| O|  |TAMS 0x0000000082a00000, 0x0000000082a00000| Untracked 
|  43|0x0000000082b00000, 0x0000000082c00000, 0x0000000082c00000|100%| O|  |TAMS 0x0000000082c00000, 0x0000000082b00000| Untracked 
|  44|0x0000000082c00000, 0x0000000082d00000, 0x0000000082d00000|100%| O|  |TAMS 0x0000000082d00000, 0x0000000082c00000| Untracked 
|  45|0x0000000082d00000, 0x0000000082d00000, 0x0000000082e00000|  0%| F|  |TAMS 0x0000000082d00000, 0x0000000082d00000| Untracked 
|  46|0x0000000082e00000, 0x0000000082e00000, 0x0000000082f00000|  0%| F|  |TAMS 0x0000000082e00000, 0x0000000082e00000| Untracked 
|  47|0x0000000082f00000, 0x0000000083000000, 0x0000000083000000|100%| O|  |TAMS 0x0000000083000000, 0x0000000082f00000| Untracked 
|  48|0x0000000083000000, 0x0000000083100000, 0x0000000083100000|100%|HS|  |TAMS 0x0000000083100000, 0x0000000083000000| Complete 
|  49|0x0000000083100000, 0x0000000083200000, 0x0000000083200000|100%|HC|  |TAMS 0x0000000083200000, 0x0000000083100000| Complete 
|  50|0x0000000083200000, 0x0000000083300000, 0x0000000083300000|100%|HC|  |TAMS 0x0000000083300000, 0x0000000083200000| Complete 
|  51|0x0000000083300000, 0x0000000083400000, 0x0000000083400000|100%|HS|  |TAMS 0x0000000083400000, 0x0000000083300000| Complete 
|  52|0x0000000083400000, 0x0000000083500000, 0x0000000083500000|100%|HC|  |TAMS 0x0000000083500000, 0x0000000083400000| Complete 
|  53|0x0000000083500000, 0x0000000083600000, 0x0000000083600000|100%|HC|  |TAMS 0x0000000083600000, 0x0000000083500000| Complete 
|  54|0x0000000083600000, 0x0000000083700000, 0x0000000083700000|100%| O|  |TAMS 0x0000000083700000, 0x0000000083600000| Untracked 
|  55|0x0000000083700000, 0x0000000083800000, 0x0000000083800000|100%| O|  |TAMS 0x0000000083800000, 0x0000000083700000| Untracked 
|  56|0x0000000083800000, 0x0000000083900000, 0x0000000083900000|100%| O|  |TAMS 0x0000000083900000, 0x0000000083800000| Untracked 
|  57|0x0000000083900000, 0x0000000083a00000, 0x0000000083a00000|100%| O|  |TAMS 0x0000000083a00000, 0x0000000083900000| Untracked 
|  58|0x0000000083a00000, 0x0000000083b00000, 0x0000000083b00000|100%|HS|  |TAMS 0x0000000083b00000, 0x0000000083a00000| Complete 
|  59|0x0000000083b00000, 0x0000000083c00000, 0x0000000083c00000|100%| O|  |TAMS 0x0000000083c00000, 0x0000000083b00000| Untracked 
|  60|0x0000000083c00000, 0x0000000083c00000, 0x0000000083d00000|  0%| F|  |TAMS 0x0000000083c00000, 0x0000000083c00000| Untracked 
|  61|0x0000000083d00000, 0x0000000083e00000, 0x0000000083e00000|100%|HS|  |TAMS 0x0000000083e00000, 0x0000000083d00000| Complete 
|  62|0x0000000083e00000, 0x0000000083f00000, 0x0000000083f00000|100%| O|  |TAMS 0x0000000083f00000, 0x0000000083e00000| Untracked 
|  63|0x0000000083f00000, 0x0000000084000000, 0x0000000084000000|100%|HS|  |TAMS 0x0000000084000000, 0x0000000083f00000| Complete 
|  64|0x0000000084000000, 0x0000000084100000, 0x0000000084100000|100%| O|  |TAMS 0x0000000084100000, 0x0000000084000000| Untracked 
|  65|0x0000000084100000, 0x0000000084200000, 0x0000000084200000|100%| O|  |TAMS 0x0000000084200000, 0x0000000084100000| Untracked 
|  66|0x0000000084200000, 0x0000000084200000, 0x0000000084300000|  0%| F|  |TAMS 0x0000000084200000, 0x0000000084200000| Untracked 
|  67|0x0000000084300000, 0x0000000084300000, 0x0000000084400000|  0%| F|  |TAMS 0x0000000084300000, 0x0000000084300000| Untracked 
|  68|0x0000000084400000, 0x0000000084500000, 0x0000000084500000|100%| O|  |TAMS 0x0000000084500000, 0x0000000084400000| Untracked 
|  69|0x0000000084500000, 0x0000000084600000, 0x0000000084600000|100%| O|  |TAMS 0x0000000084600000, 0x0000000084500000| Untracked 
|  70|0x0000000084600000, 0x0000000084700000, 0x0000000084700000|100%| O|  |TAMS 0x0000000084700000, 0x0000000084600000| Untracked 
|  71|0x0000000084700000, 0x0000000084800000, 0x0000000084800000|100%| O|  |TAMS 0x0000000084800000, 0x0000000084700000| Untracked 
|  72|0x0000000084800000, 0x0000000084800000, 0x0000000084900000|  0%| F|  |TAMS 0x0000000084800000, 0x0000000084800000| Untracked 
|  73|0x0000000084900000, 0x0000000084a00000, 0x0000000084a00000|100%|HS|  |TAMS 0x0000000084a00000, 0x0000000084900000| Complete 
|  74|0x0000000084a00000, 0x0000000084b00000, 0x0000000084b00000|100%| O|  |TAMS 0x0000000084a00000, 0x0000000084a00000| Untracked 
|  75|0x0000000084b00000, 0x0000000084c00000, 0x0000000084c00000|100%| O|  |TAMS 0x0000000084b00000, 0x0000000084b00000| Untracked 
|  76|0x0000000084c00000, 0x0000000084d00000, 0x0000000084d00000|100%| O|  |TAMS 0x0000000084d00000, 0x0000000084c00000| Untracked 
|  77|0x0000000084d00000, 0x0000000084e00000, 0x0000000084e00000|100%| O|  |TAMS 0x0000000084e00000, 0x0000000084d00000| Untracked 
|  78|0x0000000084e00000, 0x0000000084f00000, 0x0000000084f00000|100%| O|  |TAMS 0x0000000084f00000, 0x0000000084e00000| Untracked 
|  79|0x0000000084f00000, 0x0000000085000000, 0x0000000085000000|100%| O|  |TAMS 0x0000000085000000, 0x0000000084f00000| Untracked 
|  80|0x0000000085000000, 0x0000000085100000, 0x0000000085100000|100%| O|  |TAMS 0x0000000085100000, 0x0000000085000000| Untracked 
|  81|0x0000000085100000, 0x0000000085200000, 0x0000000085200000|100%|HS|  |TAMS 0x0000000085200000, 0x0000000085100000| Complete 
|  82|0x0000000085200000, 0x0000000085300000, 0x0000000085300000|100%|HS|  |TAMS 0x0000000085300000, 0x0000000085200000| Complete 
|  83|0x0000000085300000, 0x0000000085400000, 0x0000000085400000|100%|HS|  |TAMS 0x0000000085400000, 0x0000000085300000| Complete 
|  84|0x0000000085400000, 0x0000000085500000, 0x0000000085500000|100%|HS|  |TAMS 0x0000000085500000, 0x0000000085400000| Complete 
|  85|0x0000000085500000, 0x0000000085600000, 0x0000000085600000|100%|HS|  |TAMS 0x0000000085600000, 0x0000000085500000| Complete 
|  86|0x0000000085600000, 0x0000000085700000, 0x0000000085700000|100%|HS|  |TAMS 0x0000000085700000, 0x0000000085600000| Complete 
|  87|0x0000000085700000, 0x0000000085800000, 0x0000000085800000|100%| O|  |TAMS 0x0000000085800000, 0x0000000085700000| Untracked 
|  88|0x0000000085800000, 0x0000000085900000, 0x0000000085900000|100%| O|  |TAMS 0x0000000085900000, 0x0000000085800000| Untracked 
|  89|0x0000000085900000, 0x0000000085a00000, 0x0000000085a00000|100%| O|  |TAMS 0x0000000085a00000, 0x0000000085900000| Untracked 
|  90|0x0000000085a00000, 0x0000000085b00000, 0x0000000085b00000|100%| O|  |TAMS 0x0000000085b00000, 0x0000000085a00000| Untracked 
|  91|0x0000000085b00000, 0x0000000085c00000, 0x0000000085c00000|100%| O|  |TAMS 0x0000000085c00000, 0x0000000085b00000| Untracked 
|  92|0x0000000085c00000, 0x0000000085d00000, 0x0000000085d00000|100%| O|  |TAMS 0x0000000085d00000, 0x0000000085c00000| Untracked 
|  93|0x0000000085d00000, 0x0000000085e00000, 0x0000000085e00000|100%|HS|  |TAMS 0x0000000085e00000, 0x0000000085d00000| Complete 
|  94|0x0000000085e00000, 0x0000000085f00000, 0x0000000085f00000|100%| O|  |TAMS 0x0000000085f00000, 0x0000000085e00000| Untracked 
|  95|0x0000000085f00000, 0x0000000086000000, 0x0000000086000000|100%| O|  |TAMS 0x0000000086000000, 0x0000000085f00000| Untracked 
|  96|0x0000000086000000, 0x0000000086100000, 0x0000000086100000|100%|HS|  |TAMS 0x0000000086100000, 0x0000000086000000| Complete 
|  97|0x0000000086100000, 0x0000000086200000, 0x0000000086200000|100%| O|  |TAMS 0x0000000086200000, 0x0000000086100000| Untracked 
|  98|0x0000000086200000, 0x0000000086300000, 0x0000000086300000|100%| O|  |TAMS 0x0000000086300000, 0x0000000086200000| Untracked 
|  99|0x0000000086300000, 0x0000000086400000, 0x0000000086400000|100%| O|  |TAMS 0x0000000086400000, 0x0000000086300000| Untracked 
| 100|0x0000000086400000, 0x0000000086500000, 0x0000000086500000|100%|HS|  |TAMS 0x0000000086500000, 0x0000000086400000| Complete 
| 101|0x0000000086500000, 0x0000000086600000, 0x0000000086600000|100%| O|  |TAMS 0x0000000086500000, 0x0000000086500000| Untracked 
| 102|0x0000000086600000, 0x0000000086600000, 0x0000000086700000|  0%| F|  |TAMS 0x0000000086600000, 0x0000000086600000| Untracked 
| 103|0x0000000086700000, 0x0000000086700000, 0x0000000086800000|  0%| F|  |TAMS 0x0000000086700000, 0x0000000086700000| Untracked 
| 104|0x0000000086800000, 0x0000000086800000, 0x0000000086900000|  0%| F|  |TAMS 0x0000000086800000, 0x0000000086800000| Untracked 
| 105|0x0000000086900000, 0x0000000086a00000, 0x0000000086a00000|100%|HS|  |TAMS 0x0000000086a00000, 0x0000000086900000| Complete 
| 106|0x0000000086a00000, 0x0000000086b00000, 0x0000000086b00000|100%|HS|  |TAMS 0x0000000086b00000, 0x0000000086a00000| Complete 
| 107|0x0000000086b00000, 0x0000000086c00000, 0x0000000086c00000|100%|HC|  |TAMS 0x0000000086c00000, 0x0000000086b00000| Complete 
| 108|0x0000000086c00000, 0x0000000086d00000, 0x0000000086d00000|100%|HC|  |TAMS 0x0000000086d00000, 0x0000000086c00000| Complete 
| 109|0x0000000086d00000, 0x0000000086e00000, 0x0000000086e00000|100%| O|  |TAMS 0x0000000086e00000, 0x0000000086d00000| Untracked 
| 110|0x0000000086e00000, 0x0000000086e00000, 0x0000000086f00000|  0%| F|  |TAMS 0x0000000086e00000, 0x0000000086e00000| Untracked 
| 111|0x0000000086f00000, 0x0000000086f00000, 0x0000000087000000|  0%| F|  |TAMS 0x0000000086f00000, 0x0000000086f00000| Untracked 
| 112|0x0000000087000000, 0x0000000087000000, 0x0000000087100000|  0%| F|  |TAMS 0x0000000087000000, 0x0000000087000000| Untracked 
| 113|0x0000000087100000, 0x0000000087200000, 0x0000000087200000|100%| O|  |TAMS 0x0000000087200000, 0x0000000087100000| Untracked 
| 114|0x0000000087200000, 0x0000000087300000, 0x0000000087300000|100%| O|  |TAMS 0x0000000087300000, 0x0000000087200000| Untracked 
| 115|0x0000000087300000, 0x0000000087300000, 0x0000000087400000|  0%| F|  |TAMS 0x0000000087300000, 0x0000000087300000| Untracked 
| 116|0x0000000087400000, 0x0000000087500000, 0x0000000087500000|100%| O|  |TAMS 0x0000000087500000, 0x0000000087400000| Untracked 
| 117|0x0000000087500000, 0x0000000087600000, 0x0000000087600000|100%| O|  |TAMS 0x0000000087600000, 0x0000000087500000| Untracked 
| 118|0x0000000087600000, 0x0000000087700000, 0x0000000087700000|100%| O|  |TAMS 0x0000000087700000, 0x0000000087600000| Untracked 
| 119|0x0000000087700000, 0x0000000087800000, 0x0000000087800000|100%| O|  |TAMS 0x0000000087700000, 0x0000000087700000| Untracked 
| 120|0x0000000087800000, 0x0000000087900000, 0x0000000087900000|100%| O|  |TAMS 0x0000000087900000, 0x0000000087800000| Untracked 
| 121|0x0000000087900000, 0x0000000087a00000, 0x0000000087a00000|100%| O|  |TAMS 0x0000000087900000, 0x0000000087900000| Untracked 
| 122|0x0000000087a00000, 0x0000000087b00000, 0x0000000087b00000|100%| O|  |TAMS 0x0000000087b00000, 0x0000000087a00000| Untracked 
| 123|0x0000000087b00000, 0x0000000087c00000, 0x0000000087c00000|100%| O|  |TAMS 0x0000000087b00000, 0x0000000087b00000| Untracked 
| 124|0x0000000087c00000, 0x0000000087d00000, 0x0000000087d00000|100%| O|  |TAMS 0x0000000087d00000, 0x0000000087c00000| Untracked 
| 125|0x0000000087d00000, 0x0000000087e00000, 0x0000000087e00000|100%| O|  |TAMS 0x0000000087d00000, 0x0000000087d00000| Untracked 
| 126|0x0000000087e00000, 0x0000000087e00000, 0x0000000087f00000|  0%| F|  |TAMS 0x0000000087e00000, 0x0000000087e00000| Untracked 
| 127|0x0000000087f00000, 0x0000000088000000, 0x0000000088000000|100%| O|  |TAMS 0x0000000088000000, 0x0000000087f00000| Untracked 
| 128|0x0000000088000000, 0x0000000088100000, 0x0000000088100000|100%| O|  |TAMS 0x0000000088100000, 0x0000000088000000| Untracked 
| 129|0x0000000088100000, 0x0000000088200000, 0x0000000088200000|100%| O|  |TAMS 0x0000000088200000, 0x0000000088100000| Untracked 
| 130|0x0000000088200000, 0x0000000088300000, 0x0000000088300000|100%| O|  |TAMS 0x0000000088200000, 0x0000000088200000| Untracked 
| 131|0x0000000088300000, 0x0000000088400000, 0x0000000088400000|100%| O|  |TAMS 0x0000000088400000, 0x0000000088300000| Untracked 
| 132|0x0000000088400000, 0x0000000088500000, 0x0000000088500000|100%| O|  |TAMS 0x0000000088400000, 0x0000000088400000| Untracked 
| 133|0x0000000088500000, 0x0000000088600000, 0x0000000088600000|100%| O|  |TAMS 0x0000000088600000, 0x0000000088500000| Untracked 
| 134|0x0000000088600000, 0x0000000088600000, 0x0000000088700000|  0%| F|  |TAMS 0x0000000088600000, 0x0000000088600000| Untracked 
| 135|0x0000000088700000, 0x0000000088700000, 0x0000000088800000|  0%| F|  |TAMS 0x0000000088700000, 0x0000000088700000| Untracked 
| 136|0x0000000088800000, 0x0000000088900000, 0x0000000088900000|100%| O|  |TAMS 0x0000000088900000, 0x0000000088800000| Untracked 
| 137|0x0000000088900000, 0x0000000088a00000, 0x0000000088a00000|100%| O|  |TAMS 0x0000000088a00000, 0x0000000088900000| Untracked 
| 138|0x0000000088a00000, 0x0000000088b00000, 0x0000000088b00000|100%| O|  |TAMS 0x0000000088a00000, 0x0000000088a00000| Untracked 
| 139|0x0000000088b00000, 0x0000000088b00000, 0x0000000088c00000|  0%| F|  |TAMS 0x0000000088b00000, 0x0000000088b00000| Untracked 
| 140|0x0000000088c00000, 0x0000000088d00000, 0x0000000088d00000|100%| O|  |TAMS 0x0000000088c00000, 0x0000000088c00000| Untracked 
| 141|0x0000000088d00000, 0x0000000088d00000, 0x0000000088e00000|  0%| F|  |TAMS 0x0000000088d00000, 0x0000000088d00000| Untracked 
| 142|0x0000000088e00000, 0x0000000088e00000, 0x0000000088f00000|  0%| F|  |TAMS 0x0000000088e00000, 0x0000000088e00000| Untracked 
| 143|0x0000000088f00000, 0x0000000089000000, 0x0000000089000000|100%|HS|  |TAMS 0x0000000089000000, 0x0000000088f00000| Complete 
| 144|0x0000000089000000, 0x0000000089100000, 0x0000000089100000|100%|HS|  |TAMS 0x0000000089100000, 0x0000000089000000| Complete 
| 145|0x0000000089100000, 0x0000000089200000, 0x0000000089200000|100%|HS|  |TAMS 0x0000000089200000, 0x0000000089100000| Complete 
| 146|0x0000000089200000, 0x0000000089300000, 0x0000000089300000|100%| O|  |TAMS 0x0000000089300000, 0x0000000089200000| Untracked 
| 147|0x0000000089300000, 0x0000000089300000, 0x0000000089400000|  0%| F|  |TAMS 0x0000000089300000, 0x0000000089300000| Untracked 
| 148|0x0000000089400000, 0x0000000089400000, 0x0000000089500000|  0%| F|  |TAMS 0x0000000089400000, 0x0000000089400000| Untracked 
| 149|0x0000000089500000, 0x0000000089600000, 0x0000000089600000|100%| O|  |TAMS 0x0000000089500000, 0x0000000089500000| Untracked 
| 150|0x0000000089600000, 0x0000000089700000, 0x0000000089700000|100%| O|  |TAMS 0x0000000089600000, 0x0000000089600000| Untracked 
| 151|0x0000000089700000, 0x0000000089800000, 0x0000000089800000|100%| O|  |TAMS 0x0000000089700000, 0x0000000089700000| Untracked 
| 152|0x0000000089800000, 0x0000000089900000, 0x0000000089900000|100%| O|  |TAMS 0x0000000089800000, 0x0000000089800000| Untracked 
| 153|0x0000000089900000, 0x0000000089a00000, 0x0000000089a00000|100%| O|  |TAMS 0x0000000089900000, 0x0000000089900000| Untracked 
| 154|0x0000000089a00000, 0x0000000089b00000, 0x0000000089b00000|100%| O|  |TAMS 0x0000000089a00000, 0x0000000089a00000| Untracked 
| 155|0x0000000089b00000, 0x0000000089c00000, 0x0000000089c00000|100%| O|  |TAMS 0x0000000089b00000, 0x0000000089b00000| Untracked 
| 156|0x0000000089c00000, 0x0000000089d00000, 0x0000000089d00000|100%| O|  |TAMS 0x0000000089d00000, 0x0000000089c00000| Untracked 
| 157|0x0000000089d00000, 0x0000000089e00000, 0x0000000089e00000|100%|HS|  |TAMS 0x0000000089e00000, 0x0000000089d00000| Complete 
| 158|0x0000000089e00000, 0x0000000089f00000, 0x0000000089f00000|100%| O|  |TAMS 0x0000000089e00000, 0x0000000089e00000| Untracked 
| 159|0x0000000089f00000, 0x000000008a000000, 0x000000008a000000|100%| O|  |TAMS 0x0000000089f00000, 0x0000000089f00000| Untracked 
| 160|0x000000008a000000, 0x000000008a100000, 0x000000008a100000|100%| O|  |TAMS 0x000000008a000000, 0x000000008a000000| Untracked 
| 161|0x000000008a100000, 0x000000008a200000, 0x000000008a200000|100%| O|  |TAMS 0x000000008a100000, 0x000000008a100000| Untracked 
| 162|0x000000008a200000, 0x000000008a300000, 0x000000008a300000|100%| O|  |TAMS 0x000000008a300000, 0x000000008a200000| Untracked 
| 163|0x000000008a300000, 0x000000008a400000, 0x000000008a400000|100%| O|  |TAMS 0x000000008a300000, 0x000000008a300000| Untracked 
| 164|0x000000008a400000, 0x000000008a500000, 0x000000008a500000|100%| O|  |TAMS 0x000000008a500000, 0x000000008a400000| Untracked 
| 165|0x000000008a500000, 0x000000008a600000, 0x000000008a600000|100%| O|  |TAMS 0x000000008a500000, 0x000000008a500000| Untracked 
| 166|0x000000008a600000, 0x000000008a700000, 0x000000008a700000|100%| O|  |TAMS 0x000000008a600000, 0x000000008a600000| Untracked 
| 167|0x000000008a700000, 0x000000008a76f200, 0x000000008a800000| 43%| O|  |TAMS 0x000000008a700000, 0x000000008a700000| Untracked 
| 168|0x000000008a800000, 0x000000008a900000, 0x000000008a900000|100%| O|  |TAMS 0x000000008a900000, 0x000000008a800000| Untracked 
| 169|0x000000008a900000, 0x000000008aa00000, 0x000000008aa00000|100%|HS|  |TAMS 0x000000008aa00000, 0x000000008a900000| Complete 
| 170|0x000000008aa00000, 0x000000008ab00000, 0x000000008ab00000|100%|HC|  |TAMS 0x000000008ab00000, 0x000000008aa00000| Complete 
| 171|0x000000008ab00000, 0x000000008ab00000, 0x000000008ac00000|  0%| F|  |TAMS 0x000000008ab00000, 0x000000008ab00000| Untracked 
| 172|0x000000008ac00000, 0x000000008ad00000, 0x000000008ad00000|100%| O|  |TAMS 0x000000008ad00000, 0x000000008ac00000| Untracked 
| 173|0x000000008ad00000, 0x000000008ae00000, 0x000000008ae00000|100%| O|  |TAMS 0x000000008ae00000, 0x000000008ad00000| Untracked 
| 174|0x000000008ae00000, 0x000000008af00000, 0x000000008af00000|100%| O|  |TAMS 0x000000008af00000, 0x000000008ae00000| Untracked 
| 175|0x000000008af00000, 0x000000008af00000, 0x000000008b000000|  0%| F|  |TAMS 0x000000008af00000, 0x000000008af00000| Untracked 
| 176|0x000000008b000000, 0x000000008b000000, 0x000000008b100000|  0%| F|  |TAMS 0x000000008b000000, 0x000000008b000000| Untracked 
| 177|0x000000008b100000, 0x000000008b100000, 0x000000008b200000|  0%| F|  |TAMS 0x000000008b100000, 0x000000008b100000| Untracked 
| 178|0x000000008b200000, 0x000000008b300000, 0x000000008b300000|100%|HS|  |TAMS 0x000000008b300000, 0x000000008b200000| Complete 
| 179|0x000000008b300000, 0x000000008b400000, 0x000000008b400000|100%| O|  |TAMS 0x000000008b400000, 0x000000008b300000| Untracked 
| 180|0x000000008b400000, 0x000000008b500000, 0x000000008b500000|100%| O|  |TAMS 0x000000008b500000, 0x000000008b400000| Untracked 
| 181|0x000000008b500000, 0x000000008b600000, 0x000000008b600000|100%| O|  |TAMS 0x000000008b600000, 0x000000008b500000| Untracked 
| 182|0x000000008b600000, 0x000000008b600000, 0x000000008b700000|  0%| F|  |TAMS 0x000000008b600000, 0x000000008b600000| Untracked 
| 183|0x000000008b700000, 0x000000008b700000, 0x000000008b800000|  0%| F|  |TAMS 0x000000008b700000, 0x000000008b700000| Untracked 
| 184|0x000000008b800000, 0x000000008b800000, 0x000000008b900000|  0%| F|  |TAMS 0x000000008b800000, 0x000000008b800000| Untracked 
| 185|0x000000008b900000, 0x000000008b900000, 0x000000008ba00000|  0%| F|  |TAMS 0x000000008b900000, 0x000000008b900000| Untracked 
| 186|0x000000008ba00000, 0x000000008bb00000, 0x000000008bb00000|100%| O|  |TAMS 0x000000008bb00000, 0x000000008ba00000| Untracked 
| 187|0x000000008bb00000, 0x000000008bb00000, 0x000000008bc00000|  0%| F|  |TAMS 0x000000008bb00000, 0x000000008bb00000| Untracked 
| 188|0x000000008bc00000, 0x000000008bd00000, 0x000000008bd00000|100%| O|  |TAMS 0x000000008bd00000, 0x000000008bc00000| Untracked 
| 189|0x000000008bd00000, 0x000000008be00000, 0x000000008be00000|100%| O|  |TAMS 0x000000008be00000, 0x000000008bd00000| Untracked 
| 190|0x000000008be00000, 0x000000008bf00000, 0x000000008bf00000|100%| O|  |TAMS 0x000000008bf00000, 0x000000008be00000| Untracked 
| 191|0x000000008bf00000, 0x000000008bf00000, 0x000000008c000000|  0%| F|  |TAMS 0x000000008bf00000, 0x000000008bf00000| Untracked 
| 192|0x000000008c000000, 0x000000008c100000, 0x000000008c100000|100%| O|  |TAMS 0x000000008c100000, 0x000000008c000000| Untracked 
| 193|0x000000008c100000, 0x000000008c100000, 0x000000008c200000|  0%| F|  |TAMS 0x000000008c100000, 0x000000008c100000| Untracked 
| 194|0x000000008c200000, 0x000000008c200000, 0x000000008c300000|  0%| F|  |TAMS 0x000000008c200000, 0x000000008c200000| Untracked 
| 195|0x000000008c300000, 0x000000008c300000, 0x000000008c400000|  0%| F|  |TAMS 0x000000008c300000, 0x000000008c300000| Untracked 
| 196|0x000000008c400000, 0x000000008c500000, 0x000000008c500000|100%| O|  |TAMS 0x000000008c500000, 0x000000008c400000| Untracked 
| 197|0x000000008c500000, 0x000000008c500000, 0x000000008c600000|  0%| F|  |TAMS 0x000000008c500000, 0x000000008c500000| Untracked 
| 198|0x000000008c600000, 0x000000008c600000, 0x000000008c700000|  0%| F|  |TAMS 0x000000008c600000, 0x000000008c600000| Untracked 
| 199|0x000000008c700000, 0x000000008c700000, 0x000000008c800000|  0%| F|  |TAMS 0x000000008c700000, 0x000000008c700000| Untracked 
| 200|0x000000008c800000, 0x000000008c800000, 0x000000008c900000|  0%| F|  |TAMS 0x000000008c800000, 0x000000008c800000| Untracked 
| 201|0x000000008c900000, 0x000000008c900000, 0x000000008ca00000|  0%| F|  |TAMS 0x000000008c900000, 0x000000008c900000| Untracked 
| 202|0x000000008ca00000, 0x000000008ca00000, 0x000000008cb00000|  0%| F|  |TAMS 0x000000008ca00000, 0x000000008ca00000| Untracked 
| 203|0x000000008cb00000, 0x000000008cc00000, 0x000000008cc00000|100%| O|  |TAMS 0x000000008cc00000, 0x000000008cb00000| Untracked 
| 204|0x000000008cc00000, 0x000000008cd00000, 0x000000008cd00000|100%| O|  |TAMS 0x000000008cd00000, 0x000000008cc00000| Untracked 
| 205|0x000000008cd00000, 0x000000008cd00000, 0x000000008ce00000|  0%| F|  |TAMS 0x000000008cd00000, 0x000000008cd00000| Untracked 
| 206|0x000000008ce00000, 0x000000008ce00000, 0x000000008cf00000|  0%| F|  |TAMS 0x000000008ce00000, 0x000000008ce00000| Untracked 
| 207|0x000000008cf00000, 0x000000008d000000, 0x000000008d000000|100%| O|  |TAMS 0x000000008d000000, 0x000000008cf00000| Untracked 
| 208|0x000000008d000000, 0x000000008d100000, 0x000000008d100000|100%| O|  |TAMS 0x000000008d100000, 0x000000008d000000| Untracked 
| 209|0x000000008d100000, 0x000000008d200000, 0x000000008d200000|100%| O|  |TAMS 0x000000008d100000, 0x000000008d100000| Untracked 
| 210|0x000000008d200000, 0x000000008d200000, 0x000000008d300000|  0%| F|  |TAMS 0x000000008d200000, 0x000000008d200000| Untracked 
| 211|0x000000008d300000, 0x000000008d300000, 0x000000008d400000|  0%| F|  |TAMS 0x000000008d300000, 0x000000008d300000| Untracked 
| 212|0x000000008d400000, 0x000000008d500000, 0x000000008d500000|100%|HS|  |TAMS 0x000000008d500000, 0x000000008d400000| Complete 
| 213|0x000000008d500000, 0x000000008d500000, 0x000000008d600000|  0%| F|  |TAMS 0x000000008d500000, 0x000000008d500000| Untracked 
| 214|0x000000008d600000, 0x000000008d600000, 0x000000008d700000|  0%| F|  |TAMS 0x000000008d600000, 0x000000008d600000| Untracked 
| 215|0x000000008d700000, 0x000000008d700000, 0x000000008d800000|  0%| F|  |TAMS 0x000000008d700000, 0x000000008d700000| Untracked 
| 216|0x000000008d800000, 0x000000008d900000, 0x000000008d900000|100%| O|  |TAMS 0x000000008d900000, 0x000000008d800000| Untracked 
| 217|0x000000008d900000, 0x000000008d900000, 0x000000008da00000|  0%| F|  |TAMS 0x000000008d900000, 0x000000008d900000| Untracked 
| 218|0x000000008da00000, 0x000000008db00000, 0x000000008db00000|100%| O|  |TAMS 0x000000008da00000, 0x000000008da00000| Untracked 
| 219|0x000000008db00000, 0x000000008dc00000, 0x000000008dc00000|100%| O|  |TAMS 0x000000008dc00000, 0x000000008db00000| Untracked 
| 220|0x000000008dc00000, 0x000000008dd00000, 0x000000008dd00000|100%| O|  |TAMS 0x000000008dd00000, 0x000000008dc00000| Untracked 
| 221|0x000000008dd00000, 0x000000008dd00000, 0x000000008de00000|  0%| F|  |TAMS 0x000000008dd00000, 0x000000008dd00000| Untracked 
| 222|0x000000008de00000, 0x000000008df00000, 0x000000008df00000|100%| O|  |TAMS 0x000000008df00000, 0x000000008de00000| Untracked 
| 223|0x000000008df00000, 0x000000008e000000, 0x000000008e000000|100%| O|  |TAMS 0x000000008e000000, 0x000000008df00000| Untracked 
| 224|0x000000008e000000, 0x000000008e100000, 0x000000008e100000|100%| O|  |TAMS 0x000000008e100000, 0x000000008e000000| Untracked 
| 225|0x000000008e100000, 0x000000008e200000, 0x000000008e200000|100%| O|  |TAMS 0x000000008e200000, 0x000000008e100000| Untracked 
| 226|0x000000008e200000, 0x000000008e200000, 0x000000008e300000|  0%| F|  |TAMS 0x000000008e200000, 0x000000008e200000| Untracked 
| 227|0x000000008e300000, 0x000000008e300000, 0x000000008e400000|  0%| F|  |TAMS 0x000000008e300000, 0x000000008e300000| Untracked 
| 228|0x000000008e400000, 0x000000008e500000, 0x000000008e500000|100%| O|  |TAMS 0x000000008e400000, 0x000000008e400000| Untracked 
| 229|0x000000008e500000, 0x000000008e500000, 0x000000008e600000|  0%| F|  |TAMS 0x000000008e500000, 0x000000008e500000| Untracked 
| 230|0x000000008e600000, 0x000000008e600000, 0x000000008e700000|  0%| F|  |TAMS 0x000000008e600000, 0x000000008e600000| Untracked 
| 231|0x000000008e700000, 0x000000008e700000, 0x000000008e800000|  0%| F|  |TAMS 0x000000008e700000, 0x000000008e700000| Untracked 
| 232|0x000000008e800000, 0x000000008e800000, 0x000000008e900000|  0%| F|  |TAMS 0x000000008e800000, 0x000000008e800000| Untracked 
| 233|0x000000008e900000, 0x000000008e900000, 0x000000008ea00000|  0%| F|  |TAMS 0x000000008e900000, 0x000000008e900000| Untracked 
| 234|0x000000008ea00000, 0x000000008ea00000, 0x000000008eb00000|  0%| F|  |TAMS 0x000000008ea00000, 0x000000008ea00000| Untracked 
| 235|0x000000008eb00000, 0x000000008eb00000, 0x000000008ec00000|  0%| F|  |TAMS 0x000000008eb00000, 0x000000008eb00000| Untracked 
| 236|0x000000008ec00000, 0x000000008ec00000, 0x000000008ed00000|  0%| F|  |TAMS 0x000000008ec00000, 0x000000008ec00000| Untracked 
| 237|0x000000008ed00000, 0x000000008ed00000, 0x000000008ee00000|  0%| F|  |TAMS 0x000000008ed00000, 0x000000008ed00000| Untracked 
| 238|0x000000008ee00000, 0x000000008ee00000, 0x000000008ef00000|  0%| F|  |TAMS 0x000000008ee00000, 0x000000008ee00000| Untracked 
| 239|0x000000008ef00000, 0x000000008ef00000, 0x000000008f000000|  0%| F|  |TAMS 0x000000008ef00000, 0x000000008ef00000| Untracked 
| 240|0x000000008f000000, 0x000000008f000000, 0x000000008f100000|  0%| F|  |TAMS 0x000000008f000000, 0x000000008f000000| Untracked 
| 241|0x000000008f100000, 0x000000008f100000, 0x000000008f200000|  0%| F|  |TAMS 0x000000008f100000, 0x000000008f100000| Untracked 
| 242|0x000000008f200000, 0x000000008f200000, 0x000000008f300000|  0%| F|  |TAMS 0x000000008f200000, 0x000000008f200000| Untracked 
| 243|0x000000008f300000, 0x000000008f300000, 0x000000008f400000|  0%| F|  |TAMS 0x000000008f300000, 0x000000008f300000| Untracked 
| 244|0x000000008f400000, 0x000000008f400000, 0x000000008f500000|  0%| F|  |TAMS 0x000000008f400000, 0x000000008f400000| Untracked 
| 245|0x000000008f500000, 0x000000008f500000, 0x000000008f600000|  0%| F|  |TAMS 0x000000008f500000, 0x000000008f500000| Untracked 
| 246|0x000000008f600000, 0x000000008f600000, 0x000000008f700000|  0%| F|  |TAMS 0x000000008f600000, 0x000000008f600000| Untracked 
| 247|0x000000008f700000, 0x000000008f700000, 0x000000008f800000|  0%| F|  |TAMS 0x000000008f700000, 0x000000008f700000| Untracked 
| 248|0x000000008f800000, 0x000000008f800000, 0x000000008f900000|  0%| F|  |TAMS 0x000000008f800000, 0x000000008f800000| Untracked 
| 249|0x000000008f900000, 0x000000008f900000, 0x000000008fa00000|  0%| F|  |TAMS 0x000000008f900000, 0x000000008f900000| Untracked 
| 250|0x000000008fa00000, 0x000000008fa00000, 0x000000008fb00000|  0%| F|  |TAMS 0x000000008fa00000, 0x000000008fa00000| Untracked 
| 251|0x000000008fb00000, 0x000000008fb00000, 0x000000008fc00000|  0%| F|  |TAMS 0x000000008fb00000, 0x000000008fb00000| Untracked 
| 252|0x000000008fc00000, 0x000000008fc00000, 0x000000008fd00000|  0%| F|  |TAMS 0x000000008fc00000, 0x000000008fc00000| Untracked 
| 253|0x000000008fd00000, 0x000000008fd00000, 0x000000008fe00000|  0%| F|  |TAMS 0x000000008fd00000, 0x000000008fd00000| Untracked 
| 254|0x000000008fe00000, 0x000000008fe00000, 0x000000008ff00000|  0%| F|  |TAMS 0x000000008fe00000, 0x000000008fe00000| Untracked 
| 255|0x000000008ff00000, 0x000000008ff00000, 0x0000000090000000|  0%| F|  |TAMS 0x000000008ff00000, 0x000000008ff00000| Untracked 
| 256|0x0000000090000000, 0x0000000090100000, 0x0000000090100000|100%| O|  |TAMS 0x0000000090000000, 0x0000000090000000| Untracked 
| 257|0x0000000090100000, 0x0000000090200000, 0x0000000090200000|100%| O|  |TAMS 0x0000000090200000, 0x0000000090100000| Untracked 
| 258|0x0000000090200000, 0x0000000090200000, 0x0000000090300000|  0%| F|  |TAMS 0x0000000090200000, 0x0000000090200000| Untracked 
| 259|0x0000000090300000, 0x0000000090300000, 0x0000000090400000|  0%| F|  |TAMS 0x0000000090300000, 0x0000000090300000| Untracked 
| 260|0x0000000090400000, 0x0000000090400000, 0x0000000090500000|  0%| F|  |TAMS 0x0000000090400000, 0x0000000090400000| Untracked 
| 261|0x0000000090500000, 0x0000000090500000, 0x0000000090600000|  0%| F|  |TAMS 0x0000000090500000, 0x0000000090500000| Untracked 
| 262|0x0000000090600000, 0x0000000090600000, 0x0000000090700000|  0%| F|  |TAMS 0x0000000090600000, 0x0000000090600000| Untracked 
| 263|0x0000000090700000, 0x0000000090700000, 0x0000000090800000|  0%| F|  |TAMS 0x0000000090700000, 0x0000000090700000| Untracked 
| 264|0x0000000090800000, 0x0000000090800000, 0x0000000090900000|  0%| F|  |TAMS 0x0000000090800000, 0x0000000090800000| Untracked 
| 265|0x0000000090900000, 0x0000000090a00000, 0x0000000090a00000|100%| O|  |TAMS 0x0000000090900000, 0x0000000090900000| Untracked 
| 266|0x0000000090a00000, 0x0000000090b00000, 0x0000000090b00000|100%| O|  |TAMS 0x0000000090b00000, 0x0000000090a00000| Untracked 
| 267|0x0000000090b00000, 0x0000000090c00000, 0x0000000090c00000|100%| O|  |TAMS 0x0000000090c00000, 0x0000000090b00000| Untracked 
| 268|0x0000000090c00000, 0x0000000090d00000, 0x0000000090d00000|100%| O|  |TAMS 0x0000000090d00000, 0x0000000090c00000| Untracked 
| 269|0x0000000090d00000, 0x0000000090e00000, 0x0000000090e00000|100%| O|  |TAMS 0x0000000090e00000, 0x0000000090d00000| Untracked 
| 270|0x0000000090e00000, 0x0000000090f00000, 0x0000000090f00000|100%| O|  |TAMS 0x0000000090f00000, 0x0000000090e00000| Untracked 
| 271|0x0000000090f00000, 0x0000000091000000, 0x0000000091000000|100%| O|  |TAMS 0x0000000091000000, 0x0000000090f00000| Untracked 
| 272|0x0000000091000000, 0x0000000091100000, 0x0000000091100000|100%| O|  |TAMS 0x0000000091100000, 0x0000000091000000| Untracked 
| 273|0x0000000091100000, 0x0000000091200000, 0x0000000091200000|100%| O|  |TAMS 0x0000000091200000, 0x0000000091100000| Untracked 
| 274|0x0000000091200000, 0x0000000091300000, 0x0000000091300000|100%| O|  |TAMS 0x0000000091300000, 0x0000000091200000| Untracked 
| 275|0x0000000091300000, 0x0000000091300000, 0x0000000091400000|  0%| F|  |TAMS 0x0000000091300000, 0x0000000091300000| Untracked 
| 276|0x0000000091400000, 0x0000000091500000, 0x0000000091500000|100%| O|  |TAMS 0x0000000091500000, 0x0000000091400000| Untracked 
| 277|0x0000000091500000, 0x0000000091600000, 0x0000000091600000|100%| O|  |TAMS 0x0000000091600000, 0x0000000091500000| Untracked 
| 278|0x0000000091600000, 0x0000000091600000, 0x0000000091700000|  0%| F|  |TAMS 0x0000000091600000, 0x0000000091600000| Untracked 
| 279|0x0000000091700000, 0x0000000091700000, 0x0000000091800000|  0%| F|  |TAMS 0x0000000091700000, 0x0000000091700000| Untracked 
| 280|0x0000000091800000, 0x0000000091900000, 0x0000000091900000|100%| O|  |TAMS 0x0000000091800000, 0x0000000091800000| Untracked 
| 281|0x0000000091900000, 0x0000000091900000, 0x0000000091a00000|  0%| F|  |TAMS 0x0000000091900000, 0x0000000091900000| Untracked 
| 282|0x0000000091a00000, 0x0000000091a00000, 0x0000000091b00000|  0%| F|  |TAMS 0x0000000091a00000, 0x0000000091a00000| Untracked 
| 283|0x0000000091b00000, 0x0000000091b00000, 0x0000000091c00000|  0%| F|  |TAMS 0x0000000091b00000, 0x0000000091b00000| Untracked 
| 284|0x0000000091c00000, 0x0000000091c00000, 0x0000000091d00000|  0%| F|  |TAMS 0x0000000091c00000, 0x0000000091c00000| Untracked 
| 285|0x0000000091d00000, 0x0000000091d00000, 0x0000000091e00000|  0%| F|  |TAMS 0x0000000091d00000, 0x0000000091d00000| Untracked 
| 286|0x0000000091e00000, 0x0000000091e00000, 0x0000000091f00000|  0%| F|  |TAMS 0x0000000091e00000, 0x0000000091e00000| Untracked 
| 287|0x0000000091f00000, 0x0000000091f00000, 0x0000000092000000|  0%| F|  |TAMS 0x0000000091f00000, 0x0000000091f00000| Untracked 
| 288|0x0000000092000000, 0x0000000092000000, 0x0000000092100000|  0%| F|  |TAMS 0x0000000092000000, 0x0000000092000000| Untracked 
| 289|0x0000000092100000, 0x0000000092200000, 0x0000000092200000|100%| O|  |TAMS 0x0000000092200000, 0x0000000092100000| Untracked 
| 290|0x0000000092200000, 0x0000000092300000, 0x0000000092300000|100%| O|  |TAMS 0x0000000092300000, 0x0000000092200000| Untracked 
| 291|0x0000000092300000, 0x0000000092400000, 0x0000000092400000|100%| O|  |TAMS 0x0000000092400000, 0x0000000092300000| Untracked 
| 292|0x0000000092400000, 0x0000000092400000, 0x0000000092500000|  0%| F|  |TAMS 0x0000000092400000, 0x0000000092400000| Untracked 
| 293|0x0000000092500000, 0x0000000092500000, 0x0000000092600000|  0%| F|  |TAMS 0x0000000092500000, 0x0000000092500000| Untracked 
| 294|0x0000000092600000, 0x0000000092700000, 0x0000000092700000|100%| O|  |TAMS 0x0000000092700000, 0x0000000092600000| Untracked 
| 295|0x0000000092700000, 0x0000000092800000, 0x0000000092800000|100%| O|  |TAMS 0x0000000092800000, 0x0000000092700000| Untracked 
| 296|0x0000000092800000, 0x0000000092900000, 0x0000000092900000|100%| O|  |TAMS 0x0000000092900000, 0x0000000092800000| Untracked 
| 297|0x0000000092900000, 0x0000000092a00000, 0x0000000092a00000|100%| O|  |TAMS 0x0000000092a00000, 0x0000000092900000| Untracked 
| 298|0x0000000092a00000, 0x0000000092b00000, 0x0000000092b00000|100%| O|  |TAMS 0x0000000092b00000, 0x0000000092a00000| Untracked 
| 299|0x0000000092b00000, 0x0000000092c00000, 0x0000000092c00000|100%| O|  |TAMS 0x0000000092c00000, 0x0000000092b00000| Untracked 
| 300|0x0000000092c00000, 0x0000000092d00000, 0x0000000092d00000|100%| O|  |TAMS 0x0000000092d00000, 0x0000000092c00000| Untracked 
| 301|0x0000000092d00000, 0x0000000092e00000, 0x0000000092e00000|100%| O|  |TAMS 0x0000000092e00000, 0x0000000092d00000| Untracked 
| 302|0x0000000092e00000, 0x0000000092f00000, 0x0000000092f00000|100%| O|  |TAMS 0x0000000092f00000, 0x0000000092e00000| Untracked 
| 303|0x0000000092f00000, 0x0000000093000000, 0x0000000093000000|100%| O|  |TAMS 0x0000000093000000, 0x0000000092f00000| Untracked 
| 304|0x0000000093000000, 0x0000000093100000, 0x0000000093100000|100%| O|  |TAMS 0x0000000093100000, 0x0000000093000000| Untracked 
| 305|0x0000000093100000, 0x0000000093200000, 0x0000000093200000|100%| O|  |TAMS 0x0000000093200000, 0x0000000093100000| Untracked 
| 306|0x0000000093200000, 0x0000000093300000, 0x0000000093300000|100%| O|  |TAMS 0x0000000093300000, 0x0000000093200000| Untracked 
| 307|0x0000000093300000, 0x0000000093400000, 0x0000000093400000|100%| O|  |TAMS 0x0000000093400000, 0x0000000093300000| Untracked 
| 308|0x0000000093400000, 0x0000000093500000, 0x0000000093500000|100%| O|  |TAMS 0x0000000093500000, 0x0000000093400000| Untracked 
| 309|0x0000000093500000, 0x0000000093600000, 0x0000000093600000|100%| O|  |TAMS 0x0000000093600000, 0x0000000093500000| Untracked 
| 310|0x0000000093600000, 0x0000000093700000, 0x0000000093700000|100%| O|  |TAMS 0x0000000093700000, 0x0000000093600000| Untracked 
| 311|0x0000000093700000, 0x0000000093800000, 0x0000000093800000|100%| O|  |TAMS 0x0000000093800000, 0x0000000093700000| Untracked 
| 312|0x0000000093800000, 0x0000000093800000, 0x0000000093900000|  0%| F|  |TAMS 0x0000000093800000, 0x0000000093800000| Untracked 
| 313|0x0000000093900000, 0x0000000093900000, 0x0000000093a00000|  0%| F|  |TAMS 0x0000000093900000, 0x0000000093900000| Untracked 
| 314|0x0000000093a00000, 0x0000000093b00000, 0x0000000093b00000|100%| O|  |TAMS 0x0000000093b00000, 0x0000000093a00000| Untracked 
| 315|0x0000000093b00000, 0x0000000093b00000, 0x0000000093c00000|  0%| F|  |TAMS 0x0000000093b00000, 0x0000000093b00000| Untracked 
| 316|0x0000000093c00000, 0x0000000093d00000, 0x0000000093d00000|100%| O|  |TAMS 0x0000000093d00000, 0x0000000093c00000| Untracked 
| 317|0x0000000093d00000, 0x0000000093e00000, 0x0000000093e00000|100%| O|  |TAMS 0x0000000093e00000, 0x0000000093d00000| Untracked 
| 318|0x0000000093e00000, 0x0000000093f00000, 0x0000000093f00000|100%| O|  |TAMS 0x0000000093f00000, 0x0000000093e00000| Untracked 
| 319|0x0000000093f00000, 0x0000000094000000, 0x0000000094000000|100%| O|  |TAMS 0x0000000093febc00, 0x0000000093f00000| Untracked 
| 320|0x0000000094000000, 0x0000000094100000, 0x0000000094100000|100%| O|  |TAMS 0x0000000094000000, 0x0000000094000000| Untracked 
| 321|0x0000000094100000, 0x0000000094200000, 0x0000000094200000|100%| O|  |TAMS 0x0000000094100000, 0x0000000094100000| Untracked 
| 322|0x0000000094200000, 0x0000000094300000, 0x0000000094300000|100%| O|  |TAMS 0x0000000094200000, 0x0000000094200000| Untracked 
| 323|0x0000000094300000, 0x0000000094400000, 0x0000000094400000|100%| O|  |TAMS 0x0000000094300000, 0x0000000094300000| Untracked 
| 324|0x0000000094400000, 0x0000000094500000, 0x0000000094500000|100%| O|  |TAMS 0x0000000094400000, 0x0000000094400000| Untracked 
| 325|0x0000000094500000, 0x0000000094600000, 0x0000000094600000|100%| O|  |TAMS 0x0000000094500000, 0x0000000094500000| Untracked 
| 326|0x0000000094600000, 0x0000000094700000, 0x0000000094700000|100%| O|  |TAMS 0x0000000094600000, 0x0000000094600000| Untracked 
| 327|0x0000000094700000, 0x0000000094800000, 0x0000000094800000|100%| O|  |TAMS 0x0000000094700000, 0x0000000094700000| Untracked 
| 328|0x0000000094800000, 0x0000000094900000, 0x0000000094900000|100%| O|  |TAMS 0x0000000094800000, 0x0000000094800000| Untracked 
| 329|0x0000000094900000, 0x0000000094a00000, 0x0000000094a00000|100%| O|  |TAMS 0x0000000094900000, 0x0000000094900000| Untracked 
| 330|0x0000000094a00000, 0x0000000094b00000, 0x0000000094b00000|100%| O|  |TAMS 0x0000000094a00000, 0x0000000094a00000| Untracked 
| 331|0x0000000094b00000, 0x0000000094c00000, 0x0000000094c00000|100%| O|  |TAMS 0x0000000094b00000, 0x0000000094b00000| Untracked 
| 332|0x0000000094c00000, 0x0000000094d00000, 0x0000000094d00000|100%| O|  |TAMS 0x0000000094c00000, 0x0000000094c00000| Untracked 
| 333|0x0000000094d00000, 0x0000000094e00000, 0x0000000094e00000|100%| O|  |TAMS 0x0000000094d00000, 0x0000000094d00000| Untracked 
| 334|0x0000000094e00000, 0x0000000094f00000, 0x0000000094f00000|100%| O|  |TAMS 0x0000000094e00000, 0x0000000094e00000| Untracked 
| 335|0x0000000094f00000, 0x0000000095000000, 0x0000000095000000|100%| O|  |TAMS 0x0000000094f00000, 0x0000000094f00000| Untracked 
| 336|0x0000000095000000, 0x0000000095100000, 0x0000000095100000|100%| O|  |TAMS 0x0000000095000000, 0x0000000095000000| Untracked 
| 337|0x0000000095100000, 0x0000000095200000, 0x0000000095200000|100%| O|  |TAMS 0x0000000095100000, 0x0000000095100000| Untracked 
| 338|0x0000000095200000, 0x0000000095300000, 0x0000000095300000|100%| O|  |TAMS 0x0000000095200000, 0x0000000095200000| Untracked 
| 339|0x0000000095300000, 0x0000000095400000, 0x0000000095400000|100%| O|  |TAMS 0x0000000095300000, 0x0000000095300000| Untracked 
| 340|0x0000000095400000, 0x0000000095500000, 0x0000000095500000|100%| O|  |TAMS 0x0000000095400000, 0x0000000095400000| Untracked 
| 341|0x0000000095500000, 0x0000000095600000, 0x0000000095600000|100%| O|  |TAMS 0x0000000095500000, 0x0000000095500000| Untracked 
| 342|0x0000000095600000, 0x0000000095700000, 0x0000000095700000|100%| O|  |TAMS 0x0000000095600000, 0x0000000095600000| Untracked 
| 343|0x0000000095700000, 0x0000000095800000, 0x0000000095800000|100%| O|  |TAMS 0x0000000095700000, 0x0000000095700000| Untracked 
| 344|0x0000000095800000, 0x0000000095900000, 0x0000000095900000|100%| O|  |TAMS 0x0000000095800000, 0x0000000095800000| Untracked 
| 345|0x0000000095900000, 0x0000000095a00000, 0x0000000095a00000|100%| O|  |TAMS 0x0000000095900000, 0x0000000095900000| Untracked 
| 346|0x0000000095a00000, 0x0000000095b00000, 0x0000000095b00000|100%| O|  |TAMS 0x0000000095a00000, 0x0000000095a00000| Untracked 
| 347|0x0000000095b00000, 0x0000000095c00000, 0x0000000095c00000|100%| O|  |TAMS 0x0000000095b00000, 0x0000000095b00000| Untracked 
| 348|0x0000000095c00000, 0x0000000095d00000, 0x0000000095d00000|100%| O|  |TAMS 0x0000000095c00000, 0x0000000095c00000| Untracked 
| 349|0x0000000095d00000, 0x0000000095e00000, 0x0000000095e00000|100%| O|  |TAMS 0x0000000095d00000, 0x0000000095d00000| Untracked 
| 350|0x0000000095e00000, 0x0000000095f00000, 0x0000000095f00000|100%| O|  |TAMS 0x0000000095e00000, 0x0000000095e00000| Untracked 
| 351|0x0000000095f00000, 0x0000000096000000, 0x0000000096000000|100%| O|  |TAMS 0x0000000095f00000, 0x0000000095f00000| Untracked 
| 352|0x0000000096000000, 0x0000000096100000, 0x0000000096100000|100%| O|  |TAMS 0x0000000096000000, 0x0000000096000000| Untracked 
| 353|0x0000000096100000, 0x0000000096200000, 0x0000000096200000|100%| O|  |TAMS 0x0000000096100000, 0x0000000096100000| Untracked 
| 354|0x0000000096200000, 0x0000000096300000, 0x0000000096300000|100%| O|  |TAMS 0x0000000096200000, 0x0000000096200000| Untracked 
| 355|0x0000000096300000, 0x0000000096400000, 0x0000000096400000|100%| O|  |TAMS 0x0000000096300000, 0x0000000096300000| Untracked 
| 356|0x0000000096400000, 0x0000000096500000, 0x0000000096500000|100%| O|  |TAMS 0x0000000096400000, 0x0000000096400000| Untracked 
| 357|0x0000000096500000, 0x0000000096600000, 0x0000000096600000|100%| O|  |TAMS 0x0000000096500000, 0x0000000096500000| Untracked 
| 358|0x0000000096600000, 0x0000000096700000, 0x0000000096700000|100%| O|  |TAMS 0x0000000096600000, 0x0000000096600000| Untracked 
| 359|0x0000000096700000, 0x0000000096800000, 0x0000000096800000|100%| O|  |TAMS 0x0000000096700000, 0x0000000096700000| Untracked 
| 360|0x0000000096800000, 0x0000000096900000, 0x0000000096900000|100%| O|  |TAMS 0x0000000096800000, 0x0000000096800000| Untracked 
| 361|0x0000000096900000, 0x0000000096a00000, 0x0000000096a00000|100%| O|  |TAMS 0x0000000096900000, 0x0000000096900000| Untracked 
| 362|0x0000000096a00000, 0x0000000096b00000, 0x0000000096b00000|100%| O|  |TAMS 0x0000000096a00000, 0x0000000096a00000| Untracked 
| 363|0x0000000096b00000, 0x0000000096c00000, 0x0000000096c00000|100%| O|  |TAMS 0x0000000096b00000, 0x0000000096b00000| Untracked 
| 364|0x0000000096c00000, 0x0000000096d00000, 0x0000000096d00000|100%| O|  |TAMS 0x0000000096c00000, 0x0000000096c00000| Untracked 
| 365|0x0000000096d00000, 0x0000000096e00000, 0x0000000096e00000|100%| O|  |TAMS 0x0000000096d00000, 0x0000000096d00000| Untracked 
| 366|0x0000000096e00000, 0x0000000096f00000, 0x0000000096f00000|100%| O|  |TAMS 0x0000000096e00000, 0x0000000096e00000| Untracked 
| 367|0x0000000096f00000, 0x0000000097000000, 0x0000000097000000|100%| O|  |TAMS 0x0000000096f00000, 0x0000000096f00000| Untracked 
| 368|0x0000000097000000, 0x0000000097100000, 0x0000000097100000|100%| O|  |TAMS 0x0000000097000000, 0x0000000097000000| Untracked 
| 369|0x0000000097100000, 0x0000000097200000, 0x0000000097200000|100%| O|  |TAMS 0x0000000097100000, 0x0000000097100000| Untracked 
| 370|0x0000000097200000, 0x0000000097300000, 0x0000000097300000|100%| O|  |TAMS 0x0000000097200000, 0x0000000097200000| Untracked 
| 371|0x0000000097300000, 0x0000000097400000, 0x0000000097400000|100%| O|  |TAMS 0x0000000097300000, 0x0000000097300000| Untracked 
| 372|0x0000000097400000, 0x0000000097500000, 0x0000000097500000|100%| O|  |TAMS 0x0000000097400000, 0x0000000097400000| Untracked 
| 373|0x0000000097500000, 0x0000000097600000, 0x0000000097600000|100%| O|  |TAMS 0x0000000097500000, 0x0000000097500000| Untracked 
| 374|0x0000000097600000, 0x0000000097700000, 0x0000000097700000|100%| O|  |TAMS 0x0000000097600000, 0x0000000097600000| Untracked 
| 375|0x0000000097700000, 0x0000000097800000, 0x0000000097800000|100%| O|  |TAMS 0x0000000097700000, 0x0000000097700000| Untracked 
| 376|0x0000000097800000, 0x0000000097900000, 0x0000000097900000|100%| O|  |TAMS 0x0000000097800000, 0x0000000097800000| Untracked 
| 377|0x0000000097900000, 0x0000000097a00000, 0x0000000097a00000|100%| O|  |TAMS 0x0000000097900000, 0x0000000097900000| Untracked 
| 378|0x0000000097a00000, 0x0000000097b00000, 0x0000000097b00000|100%| O|  |TAMS 0x0000000097a00000, 0x0000000097a00000| Untracked 
| 379|0x0000000097b00000, 0x0000000097c00000, 0x0000000097c00000|100%| O|  |TAMS 0x0000000097b00000, 0x0000000097b00000| Untracked 
| 380|0x0000000097c00000, 0x0000000097d00000, 0x0000000097d00000|100%| O|  |TAMS 0x0000000097c00000, 0x0000000097c00000| Untracked 
| 381|0x0000000097d00000, 0x0000000097e00000, 0x0000000097e00000|100%| O|  |TAMS 0x0000000097d00000, 0x0000000097d00000| Untracked 
| 382|0x0000000097e00000, 0x0000000097f00000, 0x0000000097f00000|100%| O|  |TAMS 0x0000000097e00000, 0x0000000097e00000| Untracked 
| 383|0x0000000097f00000, 0x0000000098000000, 0x0000000098000000|100%| O|  |TAMS 0x0000000097f00000, 0x0000000097f00000| Untracked 
| 384|0x0000000098000000, 0x0000000098100000, 0x0000000098100000|100%| O|  |TAMS 0x0000000098000000, 0x0000000098000000| Untracked 
| 385|0x0000000098100000, 0x0000000098200000, 0x0000000098200000|100%| O|  |TAMS 0x0000000098100000, 0x0000000098100000| Untracked 
| 386|0x0000000098200000, 0x0000000098300000, 0x0000000098300000|100%| O|  |TAMS 0x0000000098200000, 0x0000000098200000| Untracked 
| 387|0x0000000098300000, 0x0000000098400000, 0x0000000098400000|100%| O|  |TAMS 0x0000000098300000, 0x0000000098300000| Untracked 
| 388|0x0000000098400000, 0x0000000098500000, 0x0000000098500000|100%| O|  |TAMS 0x0000000098400000, 0x0000000098400000| Untracked 
| 389|0x0000000098500000, 0x0000000098600000, 0x0000000098600000|100%| O|  |TAMS 0x0000000098500000, 0x0000000098500000| Untracked 
| 390|0x0000000098600000, 0x0000000098700000, 0x0000000098700000|100%| O|  |TAMS 0x0000000098600000, 0x0000000098600000| Untracked 
| 391|0x0000000098700000, 0x0000000098800000, 0x0000000098800000|100%| O|  |TAMS 0x0000000098700000, 0x0000000098700000| Untracked 
| 392|0x0000000098800000, 0x0000000098900000, 0x0000000098900000|100%| O|  |TAMS 0x0000000098800000, 0x0000000098800000| Untracked 
| 393|0x0000000098900000, 0x0000000098a00000, 0x0000000098a00000|100%| O|  |TAMS 0x0000000098900000, 0x0000000098900000| Untracked 
| 394|0x0000000098a00000, 0x0000000098b00000, 0x0000000098b00000|100%| O|  |TAMS 0x0000000098a00000, 0x0000000098a00000| Untracked 
| 395|0x0000000098b00000, 0x0000000098c00000, 0x0000000098c00000|100%| O|  |TAMS 0x0000000098b00000, 0x0000000098b00000| Untracked 
| 396|0x0000000098c00000, 0x0000000098d00000, 0x0000000098d00000|100%| O|  |TAMS 0x0000000098c00000, 0x0000000098c00000| Untracked 
| 397|0x0000000098d00000, 0x0000000098e00000, 0x0000000098e00000|100%| O|  |TAMS 0x0000000098d00000, 0x0000000098d00000| Untracked 
| 398|0x0000000098e00000, 0x0000000098f00000, 0x0000000098f00000|100%| O|  |TAMS 0x0000000098e00000, 0x0000000098e00000| Untracked 
| 399|0x0000000098f00000, 0x0000000099000000, 0x0000000099000000|100%| O|  |TAMS 0x0000000098f00000, 0x0000000098f00000| Untracked 
| 400|0x0000000099000000, 0x0000000099100000, 0x0000000099100000|100%| O|  |TAMS 0x0000000099000000, 0x0000000099000000| Untracked 
| 401|0x0000000099100000, 0x0000000099200000, 0x0000000099200000|100%| O|  |TAMS 0x0000000099100000, 0x0000000099100000| Untracked 
| 402|0x0000000099200000, 0x0000000099300000, 0x0000000099300000|100%| O|  |TAMS 0x0000000099200000, 0x0000000099200000| Untracked 
| 403|0x0000000099300000, 0x0000000099400000, 0x0000000099400000|100%| O|  |TAMS 0x0000000099300000, 0x0000000099300000| Untracked 
| 404|0x0000000099400000, 0x0000000099500000, 0x0000000099500000|100%| O|  |TAMS 0x0000000099400000, 0x0000000099400000| Untracked 
| 405|0x0000000099500000, 0x0000000099600000, 0x0000000099600000|100%| O|  |TAMS 0x0000000099500000, 0x0000000099500000| Untracked 
| 406|0x0000000099600000, 0x0000000099700000, 0x0000000099700000|100%| O|  |TAMS 0x0000000099600000, 0x0000000099600000| Untracked 
| 407|0x0000000099700000, 0x0000000099800000, 0x0000000099800000|100%| O|  |TAMS 0x0000000099700000, 0x0000000099700000| Untracked 
| 408|0x0000000099800000, 0x0000000099900000, 0x0000000099900000|100%| O|  |TAMS 0x0000000099800000, 0x0000000099800000| Untracked 
| 409|0x0000000099900000, 0x0000000099a00000, 0x0000000099a00000|100%| O|  |TAMS 0x0000000099900000, 0x0000000099900000| Untracked 
| 410|0x0000000099a00000, 0x0000000099a00000, 0x0000000099b00000|  0%| F|  |TAMS 0x0000000099a00000, 0x0000000099a00000| Untracked 
| 411|0x0000000099b00000, 0x0000000099b00000, 0x0000000099c00000|  0%| F|  |TAMS 0x0000000099b00000, 0x0000000099b00000| Untracked 
| 412|0x0000000099c00000, 0x0000000099c00000, 0x0000000099d00000|  0%| F|  |TAMS 0x0000000099c00000, 0x0000000099c00000| Untracked 
| 413|0x0000000099d00000, 0x0000000099d00000, 0x0000000099e00000|  0%| F|  |TAMS 0x0000000099d00000, 0x0000000099d00000| Untracked 
| 414|0x0000000099e00000, 0x0000000099e00000, 0x0000000099f00000|  0%| F|  |TAMS 0x0000000099e00000, 0x0000000099e00000| Untracked 
| 415|0x0000000099f00000, 0x0000000099f00000, 0x000000009a000000|  0%| F|  |TAMS 0x0000000099f00000, 0x0000000099f00000| Untracked 
| 416|0x000000009a000000, 0x000000009a000000, 0x000000009a100000|  0%| F|  |TAMS 0x000000009a000000, 0x000000009a000000| Untracked 
| 417|0x000000009a100000, 0x000000009a100000, 0x000000009a200000|  0%| F|  |TAMS 0x000000009a100000, 0x000000009a100000| Untracked 
| 418|0x000000009a200000, 0x000000009a200000, 0x000000009a300000|  0%| F|  |TAMS 0x000000009a200000, 0x000000009a200000| Untracked 
| 419|0x000000009a300000, 0x000000009a300000, 0x000000009a400000|  0%| F|  |TAMS 0x000000009a300000, 0x000000009a300000| Untracked 
| 420|0x000000009a400000, 0x000000009a400000, 0x000000009a500000|  0%| F|  |TAMS 0x000000009a400000, 0x000000009a400000| Untracked 
| 421|0x000000009a500000, 0x000000009a500000, 0x000000009a600000|  0%| F|  |TAMS 0x000000009a500000, 0x000000009a500000| Untracked 
| 422|0x000000009a600000, 0x000000009a600000, 0x000000009a700000|  0%| F|  |TAMS 0x000000009a600000, 0x000000009a600000| Untracked 
| 423|0x000000009a700000, 0x000000009a700000, 0x000000009a800000|  0%| F|  |TAMS 0x000000009a700000, 0x000000009a700000| Untracked 
| 424|0x000000009a800000, 0x000000009a800000, 0x000000009a900000|  0%| F|  |TAMS 0x000000009a800000, 0x000000009a800000| Untracked 
| 425|0x000000009a900000, 0x000000009a900000, 0x000000009aa00000|  0%| F|  |TAMS 0x000000009a900000, 0x000000009a900000| Untracked 
| 426|0x000000009aa00000, 0x000000009aa00000, 0x000000009ab00000|  0%| F|  |TAMS 0x000000009aa00000, 0x000000009aa00000| Untracked 
| 427|0x000000009ab00000, 0x000000009ab00000, 0x000000009ac00000|  0%| F|  |TAMS 0x000000009ab00000, 0x000000009ab00000| Untracked 
| 428|0x000000009ac00000, 0x000000009ac00000, 0x000000009ad00000|  0%| F|  |TAMS 0x000000009ac00000, 0x000000009ac00000| Untracked 
| 429|0x000000009ad00000, 0x000000009ad00000, 0x000000009ae00000|  0%| F|  |TAMS 0x000000009ad00000, 0x000000009ad00000| Untracked 
| 430|0x000000009ae00000, 0x000000009ae00000, 0x000000009af00000|  0%| F|  |TAMS 0x000000009ae00000, 0x000000009ae00000| Untracked 
| 431|0x000000009af00000, 0x000000009af00000, 0x000000009b000000|  0%| F|  |TAMS 0x000000009af00000, 0x000000009af00000| Untracked 
| 432|0x000000009b000000, 0x000000009b000000, 0x000000009b100000|  0%| F|  |TAMS 0x000000009b000000, 0x000000009b000000| Untracked 
| 433|0x000000009b100000, 0x000000009b100000, 0x000000009b200000|  0%| F|  |TAMS 0x000000009b100000, 0x000000009b100000| Untracked 
| 434|0x000000009b200000, 0x000000009b200000, 0x000000009b300000|  0%| F|  |TAMS 0x000000009b200000, 0x000000009b200000| Untracked 
| 435|0x000000009b300000, 0x000000009b300000, 0x000000009b400000|  0%| F|  |TAMS 0x000000009b300000, 0x000000009b300000| Untracked 
| 436|0x000000009b400000, 0x000000009b400000, 0x000000009b500000|  0%| F|  |TAMS 0x000000009b400000, 0x000000009b400000| Untracked 
| 437|0x000000009b500000, 0x000000009b500000, 0x000000009b600000|  0%| F|  |TAMS 0x000000009b500000, 0x000000009b500000| Untracked 
| 438|0x000000009b600000, 0x000000009b600000, 0x000000009b700000|  0%| F|  |TAMS 0x000000009b600000, 0x000000009b600000| Untracked 
| 439|0x000000009b700000, 0x000000009b700000, 0x000000009b800000|  0%| F|  |TAMS 0x000000009b700000, 0x000000009b700000| Untracked 
| 440|0x000000009b800000, 0x000000009b800000, 0x000000009b900000|  0%| F|  |TAMS 0x000000009b800000, 0x000000009b800000| Untracked 
| 441|0x000000009b900000, 0x000000009b900000, 0x000000009ba00000|  0%| F|  |TAMS 0x000000009b900000, 0x000000009b900000| Untracked 
| 442|0x000000009ba00000, 0x000000009ba00000, 0x000000009bb00000|  0%| F|  |TAMS 0x000000009ba00000, 0x000000009ba00000| Untracked 
| 443|0x000000009bb00000, 0x000000009bb00000, 0x000000009bc00000|  0%| F|  |TAMS 0x000000009bb00000, 0x000000009bb00000| Untracked 
| 444|0x000000009bc00000, 0x000000009bc00000, 0x000000009bd00000|  0%| F|  |TAMS 0x000000009bc00000, 0x000000009bc00000| Untracked 
| 445|0x000000009bd00000, 0x000000009bd00000, 0x000000009be00000|  0%| F|  |TAMS 0x000000009bd00000, 0x000000009bd00000| Untracked 
| 446|0x000000009be00000, 0x000000009be00000, 0x000000009bf00000|  0%| F|  |TAMS 0x000000009be00000, 0x000000009be00000| Untracked 
| 447|0x000000009bf00000, 0x000000009bf00000, 0x000000009c000000|  0%| F|  |TAMS 0x000000009bf00000, 0x000000009bf00000| Untracked 
| 448|0x000000009c000000, 0x000000009c000000, 0x000000009c100000|  0%| F|  |TAMS 0x000000009c000000, 0x000000009c000000| Untracked 
| 449|0x000000009c100000, 0x000000009c100000, 0x000000009c200000|  0%| F|  |TAMS 0x000000009c100000, 0x000000009c100000| Untracked 
| 450|0x000000009c200000, 0x000000009c200000, 0x000000009c300000|  0%| F|  |TAMS 0x000000009c200000, 0x000000009c200000| Untracked 
| 451|0x000000009c300000, 0x000000009c300000, 0x000000009c400000|  0%| F|  |TAMS 0x000000009c300000, 0x000000009c300000| Untracked 
| 452|0x000000009c400000, 0x000000009c400000, 0x000000009c500000|  0%| F|  |TAMS 0x000000009c400000, 0x000000009c400000| Untracked 
| 453|0x000000009c500000, 0x000000009c500000, 0x000000009c600000|  0%| F|  |TAMS 0x000000009c500000, 0x000000009c500000| Untracked 
| 454|0x000000009c600000, 0x000000009c600000, 0x000000009c700000|  0%| F|  |TAMS 0x000000009c600000, 0x000000009c600000| Untracked 
| 455|0x000000009c700000, 0x000000009c700000, 0x000000009c800000|  0%| F|  |TAMS 0x000000009c700000, 0x000000009c700000| Untracked 
| 456|0x000000009c800000, 0x000000009c800000, 0x000000009c900000|  0%| F|  |TAMS 0x000000009c800000, 0x000000009c800000| Untracked 
| 457|0x000000009c900000, 0x000000009c900000, 0x000000009ca00000|  0%| F|  |TAMS 0x000000009c900000, 0x000000009c900000| Untracked 
| 458|0x000000009ca00000, 0x000000009ca00000, 0x000000009cb00000|  0%| F|  |TAMS 0x000000009ca00000, 0x000000009ca00000| Untracked 
| 459|0x000000009cb00000, 0x000000009cb00000, 0x000000009cc00000|  0%| F|  |TAMS 0x000000009cb00000, 0x000000009cb00000| Untracked 
| 460|0x000000009cc00000, 0x000000009cc00000, 0x000000009cd00000|  0%| F|  |TAMS 0x000000009cc00000, 0x000000009cc00000| Untracked 
| 461|0x000000009cd00000, 0x000000009cd00000, 0x000000009ce00000|  0%| F|  |TAMS 0x000000009cd00000, 0x000000009cd00000| Untracked 
| 462|0x000000009ce00000, 0x000000009ce00000, 0x000000009cf00000|  0%| F|  |TAMS 0x000000009ce00000, 0x000000009ce00000| Untracked 
| 463|0x000000009cf00000, 0x000000009cf00000, 0x000000009d000000|  0%| F|  |TAMS 0x000000009cf00000, 0x000000009cf00000| Untracked 
| 464|0x000000009d000000, 0x000000009d000000, 0x000000009d100000|  0%| F|  |TAMS 0x000000009d000000, 0x000000009d000000| Untracked 
| 465|0x000000009d100000, 0x000000009d100000, 0x000000009d200000|  0%| F|  |TAMS 0x000000009d100000, 0x000000009d100000| Untracked 
| 466|0x000000009d200000, 0x000000009d200000, 0x000000009d300000|  0%| F|  |TAMS 0x000000009d200000, 0x000000009d200000| Untracked 
| 467|0x000000009d300000, 0x000000009d300000, 0x000000009d400000|  0%| F|  |TAMS 0x000000009d300000, 0x000000009d300000| Untracked 
| 468|0x000000009d400000, 0x000000009d400000, 0x000000009d500000|  0%| F|  |TAMS 0x000000009d400000, 0x000000009d400000| Untracked 
| 469|0x000000009d500000, 0x000000009d500000, 0x000000009d600000|  0%| F|  |TAMS 0x000000009d500000, 0x000000009d500000| Untracked 
| 470|0x000000009d600000, 0x000000009d600000, 0x000000009d700000|  0%| F|  |TAMS 0x000000009d600000, 0x000000009d600000| Untracked 
| 471|0x000000009d700000, 0x000000009d700000, 0x000000009d800000|  0%| F|  |TAMS 0x000000009d700000, 0x000000009d700000| Untracked 
| 472|0x000000009d800000, 0x000000009d800000, 0x000000009d900000|  0%| F|  |TAMS 0x000000009d800000, 0x000000009d800000| Untracked 
| 473|0x000000009d900000, 0x000000009d900000, 0x000000009da00000|  0%| F|  |TAMS 0x000000009d900000, 0x000000009d900000| Untracked 
| 474|0x000000009da00000, 0x000000009da00000, 0x000000009db00000|  0%| F|  |TAMS 0x000000009da00000, 0x000000009da00000| Untracked 
| 475|0x000000009db00000, 0x000000009db00000, 0x000000009dc00000|  0%| F|  |TAMS 0x000000009db00000, 0x000000009db00000| Untracked 
| 476|0x000000009dc00000, 0x000000009dc00000, 0x000000009dd00000|  0%| F|  |TAMS 0x000000009dc00000, 0x000000009dc00000| Untracked 
| 477|0x000000009dd00000, 0x000000009dd00000, 0x000000009de00000|  0%| F|  |TAMS 0x000000009dd00000, 0x000000009dd00000| Untracked 
| 478|0x000000009de00000, 0x000000009de00000, 0x000000009df00000|  0%| F|  |TAMS 0x000000009de00000, 0x000000009de00000| Untracked 
| 479|0x000000009df00000, 0x000000009df00000, 0x000000009e000000|  0%| F|  |TAMS 0x000000009df00000, 0x000000009df00000| Untracked 
| 480|0x000000009e000000, 0x000000009e000000, 0x000000009e100000|  0%| F|  |TAMS 0x000000009e000000, 0x000000009e000000| Untracked 
| 481|0x000000009e100000, 0x000000009e100000, 0x000000009e200000|  0%| F|  |TAMS 0x000000009e100000, 0x000000009e100000| Untracked 
| 482|0x000000009e200000, 0x000000009e200000, 0x000000009e300000|  0%| F|  |TAMS 0x000000009e200000, 0x000000009e200000| Untracked 
| 483|0x000000009e300000, 0x000000009e300000, 0x000000009e400000|  0%| F|  |TAMS 0x000000009e300000, 0x000000009e300000| Untracked 
| 484|0x000000009e400000, 0x000000009e400000, 0x000000009e500000|  0%| F|  |TAMS 0x000000009e400000, 0x000000009e400000| Untracked 
| 485|0x000000009e500000, 0x000000009e500000, 0x000000009e600000|  0%| F|  |TAMS 0x000000009e500000, 0x000000009e500000| Untracked 
| 486|0x000000009e600000, 0x000000009e600000, 0x000000009e700000|  0%| F|  |TAMS 0x000000009e600000, 0x000000009e600000| Untracked 
| 487|0x000000009e700000, 0x000000009e700000, 0x000000009e800000|  0%| F|  |TAMS 0x000000009e700000, 0x000000009e700000| Untracked 
| 488|0x000000009e800000, 0x000000009e800000, 0x000000009e900000|  0%| F|  |TAMS 0x000000009e800000, 0x000000009e800000| Untracked 
| 489|0x000000009e900000, 0x000000009e900000, 0x000000009ea00000|  0%| F|  |TAMS 0x000000009e900000, 0x000000009e900000| Untracked 
| 490|0x000000009ea00000, 0x000000009ea00000, 0x000000009eb00000|  0%| F|  |TAMS 0x000000009ea00000, 0x000000009ea00000| Untracked 
| 491|0x000000009eb00000, 0x000000009eb00000, 0x000000009ec00000|  0%| F|  |TAMS 0x000000009eb00000, 0x000000009eb00000| Untracked 
| 492|0x000000009ec00000, 0x000000009ec00000, 0x000000009ed00000|  0%| F|  |TAMS 0x000000009ec00000, 0x000000009ec00000| Untracked 
| 493|0x000000009ed00000, 0x000000009ed00000, 0x000000009ee00000|  0%| F|  |TAMS 0x000000009ed00000, 0x000000009ed00000| Untracked 
| 494|0x000000009ee00000, 0x000000009ee00000, 0x000000009ef00000|  0%| F|  |TAMS 0x000000009ee00000, 0x000000009ee00000| Untracked 
| 495|0x000000009ef00000, 0x000000009ef00000, 0x000000009f000000|  0%| F|  |TAMS 0x000000009ef00000, 0x000000009ef00000| Untracked 
| 496|0x000000009f000000, 0x000000009f000000, 0x000000009f100000|  0%| F|  |TAMS 0x000000009f000000, 0x000000009f000000| Untracked 
| 497|0x000000009f100000, 0x000000009f100000, 0x000000009f200000|  0%| F|  |TAMS 0x000000009f100000, 0x000000009f100000| Untracked 
| 498|0x000000009f200000, 0x000000009f200000, 0x000000009f300000|  0%| F|  |TAMS 0x000000009f200000, 0x000000009f200000| Untracked 
| 499|0x000000009f300000, 0x000000009f300000, 0x000000009f400000|  0%| F|  |TAMS 0x000000009f300000, 0x000000009f300000| Untracked 
| 500|0x000000009f400000, 0x000000009f400000, 0x000000009f500000|  0%| F|  |TAMS 0x000000009f400000, 0x000000009f400000| Untracked 
| 501|0x000000009f500000, 0x000000009f500000, 0x000000009f600000|  0%| F|  |TAMS 0x000000009f500000, 0x000000009f500000| Untracked 
| 502|0x000000009f600000, 0x000000009f600000, 0x000000009f700000|  0%| F|  |TAMS 0x000000009f600000, 0x000000009f600000| Untracked 
| 503|0x000000009f700000, 0x000000009f700000, 0x000000009f800000|  0%| F|  |TAMS 0x000000009f700000, 0x000000009f700000| Untracked 
| 504|0x000000009f800000, 0x000000009f800000, 0x000000009f900000|  0%| F|  |TAMS 0x000000009f800000, 0x000000009f800000| Untracked 
| 505|0x000000009f900000, 0x000000009f900000, 0x000000009fa00000|  0%| F|  |TAMS 0x000000009f900000, 0x000000009f900000| Untracked 
| 506|0x000000009fa00000, 0x000000009fa00000, 0x000000009fb00000|  0%| F|  |TAMS 0x000000009fa00000, 0x000000009fa00000| Untracked 
| 507|0x000000009fb00000, 0x000000009fb00000, 0x000000009fc00000|  0%| F|  |TAMS 0x000000009fb00000, 0x000000009fb00000| Untracked 
| 508|0x000000009fc00000, 0x000000009fc00000, 0x000000009fd00000|  0%| F|  |TAMS 0x000000009fc00000, 0x000000009fc00000| Untracked 
| 509|0x000000009fd00000, 0x000000009fd00000, 0x000000009fe00000|  0%| F|  |TAMS 0x000000009fd00000, 0x000000009fd00000| Untracked 
| 510|0x000000009fe00000, 0x000000009fe00000, 0x000000009ff00000|  0%| F|  |TAMS 0x000000009fe00000, 0x000000009fe00000| Untracked 
| 511|0x000000009ff00000, 0x000000009ff00000, 0x00000000a0000000|  0%| F|  |TAMS 0x000000009ff00000, 0x000000009ff00000| Untracked 
| 512|0x00000000a0000000, 0x00000000a0000000, 0x00000000a0100000|  0%| F|  |TAMS 0x00000000a0000000, 0x00000000a0000000| Untracked 
| 513|0x00000000a0100000, 0x00000000a0100000, 0x00000000a0200000|  0%| F|  |TAMS 0x00000000a0100000, 0x00000000a0100000| Untracked 
| 514|0x00000000a0200000, 0x00000000a0200000, 0x00000000a0300000|  0%| F|  |TAMS 0x00000000a0200000, 0x00000000a0200000| Untracked 
| 515|0x00000000a0300000, 0x00000000a0300000, 0x00000000a0400000|  0%| F|  |TAMS 0x00000000a0300000, 0x00000000a0300000| Untracked 
| 516|0x00000000a0400000, 0x00000000a0400000, 0x00000000a0500000|  0%| F|  |TAMS 0x00000000a0400000, 0x00000000a0400000| Untracked 
| 517|0x00000000a0500000, 0x00000000a0500000, 0x00000000a0600000|  0%| F|  |TAMS 0x00000000a0500000, 0x00000000a0500000| Untracked 
| 518|0x00000000a0600000, 0x00000000a0600000, 0x00000000a0700000|  0%| F|  |TAMS 0x00000000a0600000, 0x00000000a0600000| Untracked 
| 519|0x00000000a0700000, 0x00000000a0700000, 0x00000000a0800000|  0%| F|  |TAMS 0x00000000a0700000, 0x00000000a0700000| Untracked 
| 520|0x00000000a0800000, 0x00000000a0800000, 0x00000000a0900000|  0%| F|  |TAMS 0x00000000a0800000, 0x00000000a0800000| Untracked 
| 521|0x00000000a0900000, 0x00000000a0900000, 0x00000000a0a00000|  0%| F|  |TAMS 0x00000000a0900000, 0x00000000a0900000| Untracked 
| 522|0x00000000a0a00000, 0x00000000a0a00000, 0x00000000a0b00000|  0%| F|  |TAMS 0x00000000a0a00000, 0x00000000a0a00000| Untracked 
| 523|0x00000000a0b00000, 0x00000000a0b00000, 0x00000000a0c00000|  0%| F|  |TAMS 0x00000000a0b00000, 0x00000000a0b00000| Untracked 
| 524|0x00000000a0c00000, 0x00000000a0c00000, 0x00000000a0d00000|  0%| F|  |TAMS 0x00000000a0c00000, 0x00000000a0c00000| Untracked 
| 525|0x00000000a0d00000, 0x00000000a0d00000, 0x00000000a0e00000|  0%| F|  |TAMS 0x00000000a0d00000, 0x00000000a0d00000| Untracked 
| 526|0x00000000a0e00000, 0x00000000a0e00000, 0x00000000a0f00000|  0%| F|  |TAMS 0x00000000a0e00000, 0x00000000a0e00000| Untracked 
| 527|0x00000000a0f00000, 0x00000000a0f00000, 0x00000000a1000000|  0%| F|  |TAMS 0x00000000a0f00000, 0x00000000a0f00000| Untracked 
| 528|0x00000000a1000000, 0x00000000a1000000, 0x00000000a1100000|  0%| F|  |TAMS 0x00000000a1000000, 0x00000000a1000000| Untracked 
| 529|0x00000000a1100000, 0x00000000a1100000, 0x00000000a1200000|  0%| F|  |TAMS 0x00000000a1100000, 0x00000000a1100000| Untracked 
| 530|0x00000000a1200000, 0x00000000a1200000, 0x00000000a1300000|  0%| F|  |TAMS 0x00000000a1200000, 0x00000000a1200000| Untracked 
| 531|0x00000000a1300000, 0x00000000a1300000, 0x00000000a1400000|  0%| F|  |TAMS 0x00000000a1300000, 0x00000000a1300000| Untracked 
| 532|0x00000000a1400000, 0x00000000a1400000, 0x00000000a1500000|  0%| F|  |TAMS 0x00000000a1400000, 0x00000000a1400000| Untracked 
| 533|0x00000000a1500000, 0x00000000a1500000, 0x00000000a1600000|  0%| F|  |TAMS 0x00000000a1500000, 0x00000000a1500000| Untracked 
| 534|0x00000000a1600000, 0x00000000a1600000, 0x00000000a1700000|  0%| F|  |TAMS 0x00000000a1600000, 0x00000000a1600000| Untracked 
| 535|0x00000000a1700000, 0x00000000a1700000, 0x00000000a1800000|  0%| F|  |TAMS 0x00000000a1700000, 0x00000000a1700000| Untracked 
| 536|0x00000000a1800000, 0x00000000a1800000, 0x00000000a1900000|  0%| F|  |TAMS 0x00000000a1800000, 0x00000000a1800000| Untracked 
| 537|0x00000000a1900000, 0x00000000a1900000, 0x00000000a1a00000|  0%| F|  |TAMS 0x00000000a1900000, 0x00000000a1900000| Untracked 
| 538|0x00000000a1a00000, 0x00000000a1a00000, 0x00000000a1b00000|  0%| F|  |TAMS 0x00000000a1a00000, 0x00000000a1a00000| Untracked 
| 539|0x00000000a1b00000, 0x00000000a1b00000, 0x00000000a1c00000|  0%| F|  |TAMS 0x00000000a1b00000, 0x00000000a1b00000| Untracked 
| 540|0x00000000a1c00000, 0x00000000a1c00000, 0x00000000a1d00000|  0%| F|  |TAMS 0x00000000a1c00000, 0x00000000a1c00000| Untracked 
| 541|0x00000000a1d00000, 0x00000000a1d00000, 0x00000000a1e00000|  0%| F|  |TAMS 0x00000000a1d00000, 0x00000000a1d00000| Untracked 
| 542|0x00000000a1e00000, 0x00000000a1e00000, 0x00000000a1f00000|  0%| F|  |TAMS 0x00000000a1e00000, 0x00000000a1e00000| Untracked 
| 543|0x00000000a1f00000, 0x00000000a1f00000, 0x00000000a2000000|  0%| F|  |TAMS 0x00000000a1f00000, 0x00000000a1f00000| Untracked 
| 544|0x00000000a2000000, 0x00000000a2000000, 0x00000000a2100000|  0%| F|  |TAMS 0x00000000a2000000, 0x00000000a2000000| Untracked 
| 545|0x00000000a2100000, 0x00000000a2100000, 0x00000000a2200000|  0%| F|  |TAMS 0x00000000a2100000, 0x00000000a2100000| Untracked 
| 546|0x00000000a2200000, 0x00000000a2200000, 0x00000000a2300000|  0%| F|  |TAMS 0x00000000a2200000, 0x00000000a2200000| Untracked 
| 547|0x00000000a2300000, 0x00000000a2300000, 0x00000000a2400000|  0%| F|  |TAMS 0x00000000a2300000, 0x00000000a2300000| Untracked 
| 548|0x00000000a2400000, 0x00000000a2400000, 0x00000000a2500000|  0%| F|  |TAMS 0x00000000a2400000, 0x00000000a2400000| Untracked 
| 549|0x00000000a2500000, 0x00000000a2500000, 0x00000000a2600000|  0%| F|  |TAMS 0x00000000a2500000, 0x00000000a2500000| Untracked 
| 550|0x00000000a2600000, 0x00000000a2600000, 0x00000000a2700000|  0%| F|  |TAMS 0x00000000a2600000, 0x00000000a2600000| Untracked 
| 551|0x00000000a2700000, 0x00000000a2700000, 0x00000000a2800000|  0%| F|  |TAMS 0x00000000a2700000, 0x00000000a2700000| Untracked 
| 552|0x00000000a2800000, 0x00000000a2800000, 0x00000000a2900000|  0%| F|  |TAMS 0x00000000a2800000, 0x00000000a2800000| Untracked 
| 553|0x00000000a2900000, 0x00000000a2900000, 0x00000000a2a00000|  0%| F|  |TAMS 0x00000000a2900000, 0x00000000a2900000| Untracked 
| 554|0x00000000a2a00000, 0x00000000a2a00000, 0x00000000a2b00000|  0%| F|  |TAMS 0x00000000a2a00000, 0x00000000a2a00000| Untracked 
| 555|0x00000000a2b00000, 0x00000000a2b00000, 0x00000000a2c00000|  0%| F|  |TAMS 0x00000000a2b00000, 0x00000000a2b00000| Untracked 
| 556|0x00000000a2c00000, 0x00000000a2c00000, 0x00000000a2d00000|  0%| F|  |TAMS 0x00000000a2c00000, 0x00000000a2c00000| Untracked 
| 557|0x00000000a2d00000, 0x00000000a2d00000, 0x00000000a2e00000|  0%| F|  |TAMS 0x00000000a2d00000, 0x00000000a2d00000| Untracked 
| 558|0x00000000a2e00000, 0x00000000a2e00000, 0x00000000a2f00000|  0%| F|  |TAMS 0x00000000a2e00000, 0x00000000a2e00000| Untracked 
| 559|0x00000000a2f00000, 0x00000000a2f00000, 0x00000000a3000000|  0%| F|  |TAMS 0x00000000a2f00000, 0x00000000a2f00000| Untracked 
| 560|0x00000000a3000000, 0x00000000a3000000, 0x00000000a3100000|  0%| F|  |TAMS 0x00000000a3000000, 0x00000000a3000000| Untracked 
| 561|0x00000000a3100000, 0x00000000a3100000, 0x00000000a3200000|  0%| F|  |TAMS 0x00000000a3100000, 0x00000000a3100000| Untracked 
| 562|0x00000000a3200000, 0x00000000a3200000, 0x00000000a3300000|  0%| F|  |TAMS 0x00000000a3200000, 0x00000000a3200000| Untracked 
| 563|0x00000000a3300000, 0x00000000a3300000, 0x00000000a3400000|  0%| F|  |TAMS 0x00000000a3300000, 0x00000000a3300000| Untracked 
| 564|0x00000000a3400000, 0x00000000a3400000, 0x00000000a3500000|  0%| F|  |TAMS 0x00000000a3400000, 0x00000000a3400000| Untracked 
| 565|0x00000000a3500000, 0x00000000a3500000, 0x00000000a3600000|  0%| F|  |TAMS 0x00000000a3500000, 0x00000000a3500000| Untracked 
| 566|0x00000000a3600000, 0x00000000a3600000, 0x00000000a3700000|  0%| F|  |TAMS 0x00000000a3600000, 0x00000000a3600000| Untracked 
| 567|0x00000000a3700000, 0x00000000a3700000, 0x00000000a3800000|  0%| F|  |TAMS 0x00000000a3700000, 0x00000000a3700000| Untracked 
| 568|0x00000000a3800000, 0x00000000a3800000, 0x00000000a3900000|  0%| F|  |TAMS 0x00000000a3800000, 0x00000000a3800000| Untracked 
| 569|0x00000000a3900000, 0x00000000a3900000, 0x00000000a3a00000|  0%| F|  |TAMS 0x00000000a3900000, 0x00000000a3900000| Untracked 
| 570|0x00000000a3a00000, 0x00000000a3a00000, 0x00000000a3b00000|  0%| F|  |TAMS 0x00000000a3a00000, 0x00000000a3a00000| Untracked 
| 571|0x00000000a3b00000, 0x00000000a3b00000, 0x00000000a3c00000|  0%| F|  |TAMS 0x00000000a3b00000, 0x00000000a3b00000| Untracked 
| 572|0x00000000a3c00000, 0x00000000a3c00000, 0x00000000a3d00000|  0%| F|  |TAMS 0x00000000a3c00000, 0x00000000a3c00000| Untracked 
| 573|0x00000000a3d00000, 0x00000000a3d00000, 0x00000000a3e00000|  0%| F|  |TAMS 0x00000000a3d00000, 0x00000000a3d00000| Untracked 
| 574|0x00000000a3e00000, 0x00000000a3e00000, 0x00000000a3f00000|  0%| F|  |TAMS 0x00000000a3e00000, 0x00000000a3e00000| Untracked 
| 575|0x00000000a3f00000, 0x00000000a3f00000, 0x00000000a4000000|  0%| F|  |TAMS 0x00000000a3f00000, 0x00000000a3f00000| Untracked 
| 576|0x00000000a4000000, 0x00000000a4000000, 0x00000000a4100000|  0%| F|  |TAMS 0x00000000a4000000, 0x00000000a4000000| Untracked 
| 577|0x00000000a4100000, 0x00000000a4100000, 0x00000000a4200000|  0%| F|  |TAMS 0x00000000a4100000, 0x00000000a4100000| Untracked 
| 578|0x00000000a4200000, 0x00000000a4200000, 0x00000000a4300000|  0%| F|  |TAMS 0x00000000a4200000, 0x00000000a4200000| Untracked 
| 579|0x00000000a4300000, 0x00000000a4300000, 0x00000000a4400000|  0%| F|  |TAMS 0x00000000a4300000, 0x00000000a4300000| Untracked 
| 580|0x00000000a4400000, 0x00000000a4400000, 0x00000000a4500000|  0%| F|  |TAMS 0x00000000a4400000, 0x00000000a4400000| Untracked 
| 581|0x00000000a4500000, 0x00000000a4500000, 0x00000000a4600000|  0%| F|  |TAMS 0x00000000a4500000, 0x00000000a4500000| Untracked 
| 582|0x00000000a4600000, 0x00000000a4600000, 0x00000000a4700000|  0%| F|  |TAMS 0x00000000a4600000, 0x00000000a4600000| Untracked 
| 583|0x00000000a4700000, 0x00000000a4700000, 0x00000000a4800000|  0%| F|  |TAMS 0x00000000a4700000, 0x00000000a4700000| Untracked 
| 584|0x00000000a4800000, 0x00000000a4800000, 0x00000000a4900000|  0%| F|  |TAMS 0x00000000a4800000, 0x00000000a4800000| Untracked 
| 585|0x00000000a4900000, 0x00000000a4900000, 0x00000000a4a00000|  0%| F|  |TAMS 0x00000000a4900000, 0x00000000a4900000| Untracked 
| 586|0x00000000a4a00000, 0x00000000a4a00000, 0x00000000a4b00000|  0%| F|  |TAMS 0x00000000a4a00000, 0x00000000a4a00000| Untracked 
| 587|0x00000000a4b00000, 0x00000000a4b00000, 0x00000000a4c00000|  0%| F|  |TAMS 0x00000000a4b00000, 0x00000000a4b00000| Untracked 
| 588|0x00000000a4c00000, 0x00000000a4c00000, 0x00000000a4d00000|  0%| F|  |TAMS 0x00000000a4c00000, 0x00000000a4c00000| Untracked 
| 589|0x00000000a4d00000, 0x00000000a4d00000, 0x00000000a4e00000|  0%| F|  |TAMS 0x00000000a4d00000, 0x00000000a4d00000| Untracked 
| 590|0x00000000a4e00000, 0x00000000a4e00000, 0x00000000a4f00000|  0%| F|  |TAMS 0x00000000a4e00000, 0x00000000a4e00000| Untracked 
| 591|0x00000000a4f00000, 0x00000000a4f00000, 0x00000000a5000000|  0%| F|  |TAMS 0x00000000a4f00000, 0x00000000a4f00000| Untracked 
| 592|0x00000000a5000000, 0x00000000a5000000, 0x00000000a5100000|  0%| F|  |TAMS 0x00000000a5000000, 0x00000000a5000000| Untracked 
| 593|0x00000000a5100000, 0x00000000a5100000, 0x00000000a5200000|  0%| F|  |TAMS 0x00000000a5100000, 0x00000000a5100000| Untracked 
| 594|0x00000000a5200000, 0x00000000a5200000, 0x00000000a5300000|  0%| F|  |TAMS 0x00000000a5200000, 0x00000000a5200000| Untracked 
| 595|0x00000000a5300000, 0x00000000a5300000, 0x00000000a5400000|  0%| F|  |TAMS 0x00000000a5300000, 0x00000000a5300000| Untracked 
| 596|0x00000000a5400000, 0x00000000a5400000, 0x00000000a5500000|  0%| F|  |TAMS 0x00000000a5400000, 0x00000000a5400000| Untracked 
| 597|0x00000000a5500000, 0x00000000a5500000, 0x00000000a5600000|  0%| F|  |TAMS 0x00000000a5500000, 0x00000000a5500000| Untracked 
| 598|0x00000000a5600000, 0x00000000a5600000, 0x00000000a5700000|  0%| F|  |TAMS 0x00000000a5600000, 0x00000000a5600000| Untracked 
| 599|0x00000000a5700000, 0x00000000a5700000, 0x00000000a5800000|  0%| F|  |TAMS 0x00000000a5700000, 0x00000000a5700000| Untracked 
| 600|0x00000000a5800000, 0x00000000a5800000, 0x00000000a5900000|  0%| F|  |TAMS 0x00000000a5800000, 0x00000000a5800000| Untracked 
| 601|0x00000000a5900000, 0x00000000a5900000, 0x00000000a5a00000|  0%| F|  |TAMS 0x00000000a5900000, 0x00000000a5900000| Untracked 
| 602|0x00000000a5a00000, 0x00000000a5a00000, 0x00000000a5b00000|  0%| F|  |TAMS 0x00000000a5a00000, 0x00000000a5a00000| Untracked 
| 603|0x00000000a5b00000, 0x00000000a5b00000, 0x00000000a5c00000|  0%| F|  |TAMS 0x00000000a5b00000, 0x00000000a5b00000| Untracked 
| 604|0x00000000a5c00000, 0x00000000a5c00000, 0x00000000a5d00000|  0%| F|  |TAMS 0x00000000a5c00000, 0x00000000a5c00000| Untracked 
| 605|0x00000000a5d00000, 0x00000000a5d00000, 0x00000000a5e00000|  0%| F|  |TAMS 0x00000000a5d00000, 0x00000000a5d00000| Untracked 
| 606|0x00000000a5e00000, 0x00000000a5e00000, 0x00000000a5f00000|  0%| F|  |TAMS 0x00000000a5e00000, 0x00000000a5e00000| Untracked 
| 607|0x00000000a5f00000, 0x00000000a5f00000, 0x00000000a6000000|  0%| F|  |TAMS 0x00000000a5f00000, 0x00000000a5f00000| Untracked 
| 608|0x00000000a6000000, 0x00000000a6000000, 0x00000000a6100000|  0%| F|  |TAMS 0x00000000a6000000, 0x00000000a6000000| Untracked 
| 609|0x00000000a6100000, 0x00000000a6100000, 0x00000000a6200000|  0%| F|  |TAMS 0x00000000a6100000, 0x00000000a6100000| Untracked 
| 610|0x00000000a6200000, 0x00000000a6200000, 0x00000000a6300000|  0%| F|  |TAMS 0x00000000a6200000, 0x00000000a6200000| Untracked 
| 611|0x00000000a6300000, 0x00000000a6300000, 0x00000000a6400000|  0%| F|  |TAMS 0x00000000a6300000, 0x00000000a6300000| Untracked 
| 612|0x00000000a6400000, 0x00000000a6400000, 0x00000000a6500000|  0%| F|  |TAMS 0x00000000a6400000, 0x00000000a6400000| Untracked 
| 613|0x00000000a6500000, 0x00000000a6500000, 0x00000000a6600000|  0%| F|  |TAMS 0x00000000a6500000, 0x00000000a6500000| Untracked 
| 614|0x00000000a6600000, 0x00000000a6600000, 0x00000000a6700000|  0%| F|  |TAMS 0x00000000a6600000, 0x00000000a6600000| Untracked 
| 615|0x00000000a6700000, 0x00000000a6700000, 0x00000000a6800000|  0%| F|  |TAMS 0x00000000a6700000, 0x00000000a6700000| Untracked 
| 616|0x00000000a6800000, 0x00000000a6800000, 0x00000000a6900000|  0%| F|  |TAMS 0x00000000a6800000, 0x00000000a6800000| Untracked 
| 617|0x00000000a6900000, 0x00000000a6900000, 0x00000000a6a00000|  0%| F|  |TAMS 0x00000000a6900000, 0x00000000a6900000| Untracked 
| 618|0x00000000a6a00000, 0x00000000a6a00000, 0x00000000a6b00000|  0%| F|  |TAMS 0x00000000a6a00000, 0x00000000a6a00000| Untracked 
| 619|0x00000000a6b00000, 0x00000000a6b00000, 0x00000000a6c00000|  0%| F|  |TAMS 0x00000000a6b00000, 0x00000000a6b00000| Untracked 
| 620|0x00000000a6c00000, 0x00000000a6c00000, 0x00000000a6d00000|  0%| F|  |TAMS 0x00000000a6c00000, 0x00000000a6c00000| Untracked 
| 621|0x00000000a6d00000, 0x00000000a6d00000, 0x00000000a6e00000|  0%| F|  |TAMS 0x00000000a6d00000, 0x00000000a6d00000| Untracked 
| 622|0x00000000a6e00000, 0x00000000a6e00000, 0x00000000a6f00000|  0%| F|  |TAMS 0x00000000a6e00000, 0x00000000a6e00000| Untracked 
| 623|0x00000000a6f00000, 0x00000000a6f00000, 0x00000000a7000000|  0%| F|  |TAMS 0x00000000a6f00000, 0x00000000a6f00000| Untracked 
| 624|0x00000000a7000000, 0x00000000a7000000, 0x00000000a7100000|  0%| F|  |TAMS 0x00000000a7000000, 0x00000000a7000000| Untracked 
| 625|0x00000000a7100000, 0x00000000a7100000, 0x00000000a7200000|  0%| F|  |TAMS 0x00000000a7100000, 0x00000000a7100000| Untracked 
| 626|0x00000000a7200000, 0x00000000a7200000, 0x00000000a7300000|  0%| F|  |TAMS 0x00000000a7200000, 0x00000000a7200000| Untracked 
| 627|0x00000000a7300000, 0x00000000a7300000, 0x00000000a7400000|  0%| F|  |TAMS 0x00000000a7300000, 0x00000000a7300000| Untracked 
| 628|0x00000000a7400000, 0x00000000a7400000, 0x00000000a7500000|  0%| F|  |TAMS 0x00000000a7400000, 0x00000000a7400000| Untracked 
| 629|0x00000000a7500000, 0x00000000a7500000, 0x00000000a7600000|  0%| F|  |TAMS 0x00000000a7500000, 0x00000000a7500000| Untracked 
| 630|0x00000000a7600000, 0x00000000a7600000, 0x00000000a7700000|  0%| F|  |TAMS 0x00000000a7600000, 0x00000000a7600000| Untracked 
| 631|0x00000000a7700000, 0x00000000a7700000, 0x00000000a7800000|  0%| F|  |TAMS 0x00000000a7700000, 0x00000000a7700000| Untracked 
| 632|0x00000000a7800000, 0x00000000a7800000, 0x00000000a7900000|  0%| F|  |TAMS 0x00000000a7800000, 0x00000000a7800000| Untracked 
| 633|0x00000000a7900000, 0x00000000a7900000, 0x00000000a7a00000|  0%| F|  |TAMS 0x00000000a7900000, 0x00000000a7900000| Untracked 
| 634|0x00000000a7a00000, 0x00000000a7a00000, 0x00000000a7b00000|  0%| F|  |TAMS 0x00000000a7a00000, 0x00000000a7a00000| Untracked 
| 635|0x00000000a7b00000, 0x00000000a7b00000, 0x00000000a7c00000|  0%| F|  |TAMS 0x00000000a7b00000, 0x00000000a7b00000| Untracked 
| 636|0x00000000a7c00000, 0x00000000a7c00000, 0x00000000a7d00000|  0%| F|  |TAMS 0x00000000a7c00000, 0x00000000a7c00000| Untracked 
| 637|0x00000000a7d00000, 0x00000000a7d00000, 0x00000000a7e00000|  0%| F|  |TAMS 0x00000000a7d00000, 0x00000000a7d00000| Untracked 
| 638|0x00000000a7e00000, 0x00000000a7e00000, 0x00000000a7f00000|  0%| F|  |TAMS 0x00000000a7e00000, 0x00000000a7e00000| Untracked 
| 639|0x00000000a7f00000, 0x00000000a7f00000, 0x00000000a8000000|  0%| F|  |TAMS 0x00000000a7f00000, 0x00000000a7f00000| Untracked 
| 640|0x00000000a8000000, 0x00000000a8000000, 0x00000000a8100000|  0%| F|  |TAMS 0x00000000a8000000, 0x00000000a8000000| Untracked 
| 641|0x00000000a8100000, 0x00000000a8100000, 0x00000000a8200000|  0%| F|  |TAMS 0x00000000a8100000, 0x00000000a8100000| Untracked 
| 642|0x00000000a8200000, 0x00000000a8200000, 0x00000000a8300000|  0%| F|  |TAMS 0x00000000a8200000, 0x00000000a8200000| Untracked 
| 643|0x00000000a8300000, 0x00000000a8300000, 0x00000000a8400000|  0%| F|  |TAMS 0x00000000a8300000, 0x00000000a8300000| Untracked 
| 644|0x00000000a8400000, 0x00000000a8400000, 0x00000000a8500000|  0%| F|  |TAMS 0x00000000a8400000, 0x00000000a8400000| Untracked 
| 645|0x00000000a8500000, 0x00000000a8500000, 0x00000000a8600000|  0%| F|  |TAMS 0x00000000a8500000, 0x00000000a8500000| Untracked 
| 646|0x00000000a8600000, 0x00000000a8600000, 0x00000000a8700000|  0%| F|  |TAMS 0x00000000a8600000, 0x00000000a8600000| Untracked 
| 647|0x00000000a8700000, 0x00000000a8700000, 0x00000000a8800000|  0%| F|  |TAMS 0x00000000a8700000, 0x00000000a8700000| Untracked 
| 648|0x00000000a8800000, 0x00000000a8800000, 0x00000000a8900000|  0%| F|  |TAMS 0x00000000a8800000, 0x00000000a8800000| Untracked 
| 649|0x00000000a8900000, 0x00000000a8900000, 0x00000000a8a00000|  0%| F|  |TAMS 0x00000000a8900000, 0x00000000a8900000| Untracked 
| 650|0x00000000a8a00000, 0x00000000a8a00000, 0x00000000a8b00000|  0%| F|  |TAMS 0x00000000a8a00000, 0x00000000a8a00000| Untracked 
| 651|0x00000000a8b00000, 0x00000000a8b00000, 0x00000000a8c00000|  0%| F|  |TAMS 0x00000000a8b00000, 0x00000000a8b00000| Untracked 
| 652|0x00000000a8c00000, 0x00000000a8c00000, 0x00000000a8d00000|  0%| F|  |TAMS 0x00000000a8c00000, 0x00000000a8c00000| Untracked 
| 653|0x00000000a8d00000, 0x00000000a8d00000, 0x00000000a8e00000|  0%| F|  |TAMS 0x00000000a8d00000, 0x00000000a8d00000| Untracked 
| 654|0x00000000a8e00000, 0x00000000a8e00000, 0x00000000a8f00000|  0%| F|  |TAMS 0x00000000a8e00000, 0x00000000a8e00000| Untracked 
| 655|0x00000000a8f00000, 0x00000000a8f00000, 0x00000000a9000000|  0%| F|  |TAMS 0x00000000a8f00000, 0x00000000a8f00000| Untracked 
| 656|0x00000000a9000000, 0x00000000a9000000, 0x00000000a9100000|  0%| F|  |TAMS 0x00000000a9000000, 0x00000000a9000000| Untracked 
| 657|0x00000000a9100000, 0x00000000a9100000, 0x00000000a9200000|  0%| F|  |TAMS 0x00000000a9100000, 0x00000000a9100000| Untracked 
| 658|0x00000000a9200000, 0x00000000a9200000, 0x00000000a9300000|  0%| F|  |TAMS 0x00000000a9200000, 0x00000000a9200000| Untracked 
| 659|0x00000000a9300000, 0x00000000a9300000, 0x00000000a9400000|  0%| F|  |TAMS 0x00000000a9300000, 0x00000000a9300000| Untracked 
| 660|0x00000000a9400000, 0x00000000a9400000, 0x00000000a9500000|  0%| F|  |TAMS 0x00000000a9400000, 0x00000000a9400000| Untracked 
| 661|0x00000000a9500000, 0x00000000a9500000, 0x00000000a9600000|  0%| F|  |TAMS 0x00000000a9500000, 0x00000000a9500000| Untracked 
| 662|0x00000000a9600000, 0x00000000a9600000, 0x00000000a9700000|  0%| F|  |TAMS 0x00000000a9600000, 0x00000000a9600000| Untracked 
| 663|0x00000000a9700000, 0x00000000a9700000, 0x00000000a9800000|  0%| F|  |TAMS 0x00000000a9700000, 0x00000000a9700000| Untracked 
| 664|0x00000000a9800000, 0x00000000a9800000, 0x00000000a9900000|  0%| F|  |TAMS 0x00000000a9800000, 0x00000000a9800000| Untracked 
| 665|0x00000000a9900000, 0x00000000a9900000, 0x00000000a9a00000|  0%| F|  |TAMS 0x00000000a9900000, 0x00000000a9900000| Untracked 
| 666|0x00000000a9a00000, 0x00000000a9a00000, 0x00000000a9b00000|  0%| F|  |TAMS 0x00000000a9a00000, 0x00000000a9a00000| Untracked 
| 667|0x00000000a9b00000, 0x00000000a9b00000, 0x00000000a9c00000|  0%| F|  |TAMS 0x00000000a9b00000, 0x00000000a9b00000| Untracked 
| 668|0x00000000a9c00000, 0x00000000a9c00000, 0x00000000a9d00000|  0%| F|  |TAMS 0x00000000a9c00000, 0x00000000a9c00000| Untracked 
| 669|0x00000000a9d00000, 0x00000000a9d00000, 0x00000000a9e00000|  0%| F|  |TAMS 0x00000000a9d00000, 0x00000000a9d00000| Untracked 
| 670|0x00000000a9e00000, 0x00000000a9e00000, 0x00000000a9f00000|  0%| F|  |TAMS 0x00000000a9e00000, 0x00000000a9e00000| Untracked 
| 671|0x00000000a9f00000, 0x00000000a9f00000, 0x00000000aa000000|  0%| F|  |TAMS 0x00000000a9f00000, 0x00000000a9f00000| Untracked 
| 672|0x00000000aa000000, 0x00000000aa000000, 0x00000000aa100000|  0%| F|  |TAMS 0x00000000aa000000, 0x00000000aa000000| Untracked 
| 673|0x00000000aa100000, 0x00000000aa100000, 0x00000000aa200000|  0%| F|  |TAMS 0x00000000aa100000, 0x00000000aa100000| Untracked 
| 674|0x00000000aa200000, 0x00000000aa200000, 0x00000000aa300000|  0%| F|  |TAMS 0x00000000aa200000, 0x00000000aa200000| Untracked 
| 675|0x00000000aa300000, 0x00000000aa300000, 0x00000000aa400000|  0%| F|  |TAMS 0x00000000aa300000, 0x00000000aa300000| Untracked 
| 676|0x00000000aa400000, 0x00000000aa400000, 0x00000000aa500000|  0%| F|  |TAMS 0x00000000aa400000, 0x00000000aa400000| Untracked 
| 677|0x00000000aa500000, 0x00000000aa500000, 0x00000000aa600000|  0%| F|  |TAMS 0x00000000aa500000, 0x00000000aa500000| Untracked 
| 678|0x00000000aa600000, 0x00000000aa600000, 0x00000000aa700000|  0%| F|  |TAMS 0x00000000aa600000, 0x00000000aa600000| Untracked 
| 679|0x00000000aa700000, 0x00000000aa700000, 0x00000000aa800000|  0%| F|  |TAMS 0x00000000aa700000, 0x00000000aa700000| Untracked 
| 680|0x00000000aa800000, 0x00000000aa800000, 0x00000000aa900000|  0%| F|  |TAMS 0x00000000aa800000, 0x00000000aa800000| Untracked 
| 681|0x00000000aa900000, 0x00000000aa900000, 0x00000000aaa00000|  0%| F|  |TAMS 0x00000000aa900000, 0x00000000aa900000| Untracked 
| 682|0x00000000aaa00000, 0x00000000aaa00000, 0x00000000aab00000|  0%| F|  |TAMS 0x00000000aaa00000, 0x00000000aaa00000| Untracked 
| 683|0x00000000aab00000, 0x00000000aab00000, 0x00000000aac00000|  0%| F|  |TAMS 0x00000000aab00000, 0x00000000aab00000| Untracked 
| 684|0x00000000aac00000, 0x00000000aac00000, 0x00000000aad00000|  0%| F|  |TAMS 0x00000000aac00000, 0x00000000aac00000| Untracked 
| 685|0x00000000aad00000, 0x00000000aad00000, 0x00000000aae00000|  0%| F|  |TAMS 0x00000000aad00000, 0x00000000aad00000| Untracked 
| 686|0x00000000aae00000, 0x00000000aae00000, 0x00000000aaf00000|  0%| F|  |TAMS 0x00000000aae00000, 0x00000000aae00000| Untracked 
| 687|0x00000000aaf00000, 0x00000000aaf00000, 0x00000000ab000000|  0%| F|  |TAMS 0x00000000aaf00000, 0x00000000aaf00000| Untracked 
| 688|0x00000000ab000000, 0x00000000ab000000, 0x00000000ab100000|  0%| F|  |TAMS 0x00000000ab000000, 0x00000000ab000000| Untracked 
| 689|0x00000000ab100000, 0x00000000ab100000, 0x00000000ab200000|  0%| F|  |TAMS 0x00000000ab100000, 0x00000000ab100000| Untracked 
| 690|0x00000000ab200000, 0x00000000ab200000, 0x00000000ab300000|  0%| F|  |TAMS 0x00000000ab200000, 0x00000000ab200000| Untracked 
| 691|0x00000000ab300000, 0x00000000ab300000, 0x00000000ab400000|  0%| F|  |TAMS 0x00000000ab300000, 0x00000000ab300000| Untracked 
| 692|0x00000000ab400000, 0x00000000ab400000, 0x00000000ab500000|  0%| F|  |TAMS 0x00000000ab400000, 0x00000000ab400000| Untracked 
| 693|0x00000000ab500000, 0x00000000ab500000, 0x00000000ab600000|  0%| F|  |TAMS 0x00000000ab500000, 0x00000000ab500000| Untracked 
| 694|0x00000000ab600000, 0x00000000ab600000, 0x00000000ab700000|  0%| F|  |TAMS 0x00000000ab600000, 0x00000000ab600000| Untracked 
| 695|0x00000000ab700000, 0x00000000ab700000, 0x00000000ab800000|  0%| F|  |TAMS 0x00000000ab700000, 0x00000000ab700000| Untracked 
| 696|0x00000000ab800000, 0x00000000ab800000, 0x00000000ab900000|  0%| F|  |TAMS 0x00000000ab800000, 0x00000000ab800000| Untracked 
| 697|0x00000000ab900000, 0x00000000ab900000, 0x00000000aba00000|  0%| F|  |TAMS 0x00000000ab900000, 0x00000000ab900000| Untracked 
| 698|0x00000000aba00000, 0x00000000aba00000, 0x00000000abb00000|  0%| F|  |TAMS 0x00000000aba00000, 0x00000000aba00000| Untracked 
| 699|0x00000000abb00000, 0x00000000abb00000, 0x00000000abc00000|  0%| F|  |TAMS 0x00000000abb00000, 0x00000000abb00000| Untracked 
| 700|0x00000000abc00000, 0x00000000abc00000, 0x00000000abd00000|  0%| F|  |TAMS 0x00000000abc00000, 0x00000000abc00000| Untracked 
| 701|0x00000000abd00000, 0x00000000abd00000, 0x00000000abe00000|  0%| F|  |TAMS 0x00000000abd00000, 0x00000000abd00000| Untracked 
| 702|0x00000000abe00000, 0x00000000abe00000, 0x00000000abf00000|  0%| F|  |TAMS 0x00000000abe00000, 0x00000000abe00000| Untracked 
| 703|0x00000000abf00000, 0x00000000abf00000, 0x00000000ac000000|  0%| F|  |TAMS 0x00000000abf00000, 0x00000000abf00000| Untracked 
| 704|0x00000000ac000000, 0x00000000ac000000, 0x00000000ac100000|  0%| F|  |TAMS 0x00000000ac000000, 0x00000000ac000000| Untracked 
| 705|0x00000000ac100000, 0x00000000ac100000, 0x00000000ac200000|  0%| F|  |TAMS 0x00000000ac100000, 0x00000000ac100000| Untracked 
| 706|0x00000000ac200000, 0x00000000ac200000, 0x00000000ac300000|  0%| F|  |TAMS 0x00000000ac200000, 0x00000000ac200000| Untracked 
| 707|0x00000000ac300000, 0x00000000ac300000, 0x00000000ac400000|  0%| F|  |TAMS 0x00000000ac300000, 0x00000000ac300000| Untracked 
| 708|0x00000000ac400000, 0x00000000ac400000, 0x00000000ac500000|  0%| F|  |TAMS 0x00000000ac400000, 0x00000000ac400000| Untracked 
| 709|0x00000000ac500000, 0x00000000ac500000, 0x00000000ac600000|  0%| F|  |TAMS 0x00000000ac500000, 0x00000000ac500000| Untracked 
| 710|0x00000000ac600000, 0x00000000ac600000, 0x00000000ac700000|  0%| F|  |TAMS 0x00000000ac600000, 0x00000000ac600000| Untracked 
| 711|0x00000000ac700000, 0x00000000ac700000, 0x00000000ac800000|  0%| F|  |TAMS 0x00000000ac700000, 0x00000000ac700000| Untracked 
| 712|0x00000000ac800000, 0x00000000ac800000, 0x00000000ac900000|  0%| F|  |TAMS 0x00000000ac800000, 0x00000000ac800000| Untracked 
| 713|0x00000000ac900000, 0x00000000ac900000, 0x00000000aca00000|  0%| F|  |TAMS 0x00000000ac900000, 0x00000000ac900000| Untracked 
| 714|0x00000000aca00000, 0x00000000aca00000, 0x00000000acb00000|  0%| F|  |TAMS 0x00000000aca00000, 0x00000000aca00000| Untracked 
| 715|0x00000000acb00000, 0x00000000acb00000, 0x00000000acc00000|  0%| F|  |TAMS 0x00000000acb00000, 0x00000000acb00000| Untracked 
| 716|0x00000000acc00000, 0x00000000acc00000, 0x00000000acd00000|  0%| F|  |TAMS 0x00000000acc00000, 0x00000000acc00000| Untracked 
| 717|0x00000000acd00000, 0x00000000acd00000, 0x00000000ace00000|  0%| F|  |TAMS 0x00000000acd00000, 0x00000000acd00000| Untracked 
| 718|0x00000000ace00000, 0x00000000ace00000, 0x00000000acf00000|  0%| F|  |TAMS 0x00000000ace00000, 0x00000000ace00000| Untracked 
| 719|0x00000000acf00000, 0x00000000acf00000, 0x00000000ad000000|  0%| F|  |TAMS 0x00000000acf00000, 0x00000000acf00000| Untracked 
| 720|0x00000000ad000000, 0x00000000ad000000, 0x00000000ad100000|  0%| F|  |TAMS 0x00000000ad000000, 0x00000000ad000000| Untracked 
| 721|0x00000000ad100000, 0x00000000ad100000, 0x00000000ad200000|  0%| F|  |TAMS 0x00000000ad100000, 0x00000000ad100000| Untracked 
| 722|0x00000000ad200000, 0x00000000ad200000, 0x00000000ad300000|  0%| F|  |TAMS 0x00000000ad200000, 0x00000000ad200000| Untracked 
| 723|0x00000000ad300000, 0x00000000ad300000, 0x00000000ad400000|  0%| F|  |TAMS 0x00000000ad300000, 0x00000000ad300000| Untracked 
| 724|0x00000000ad400000, 0x00000000ad400000, 0x00000000ad500000|  0%| F|  |TAMS 0x00000000ad400000, 0x00000000ad400000| Untracked 
| 725|0x00000000ad500000, 0x00000000ad500000, 0x00000000ad600000|  0%| F|  |TAMS 0x00000000ad500000, 0x00000000ad500000| Untracked 
| 726|0x00000000ad600000, 0x00000000ad600000, 0x00000000ad700000|  0%| F|  |TAMS 0x00000000ad600000, 0x00000000ad600000| Untracked 
| 727|0x00000000ad700000, 0x00000000ad700000, 0x00000000ad800000|  0%| F|  |TAMS 0x00000000ad700000, 0x00000000ad700000| Untracked 
| 728|0x00000000ad800000, 0x00000000ad800000, 0x00000000ad900000|  0%| F|  |TAMS 0x00000000ad800000, 0x00000000ad800000| Untracked 
| 729|0x00000000ad900000, 0x00000000ad900000, 0x00000000ada00000|  0%| F|  |TAMS 0x00000000ad900000, 0x00000000ad900000| Untracked 
| 730|0x00000000ada00000, 0x00000000ada00000, 0x00000000adb00000|  0%| F|  |TAMS 0x00000000ada00000, 0x00000000ada00000| Untracked 
| 731|0x00000000adb00000, 0x00000000adb00000, 0x00000000adc00000|  0%| F|  |TAMS 0x00000000adb00000, 0x00000000adb00000| Untracked 
| 732|0x00000000adc00000, 0x00000000adc00000, 0x00000000add00000|  0%| F|  |TAMS 0x00000000adc00000, 0x00000000adc00000| Untracked 
| 733|0x00000000add00000, 0x00000000add00000, 0x00000000ade00000|  0%| F|  |TAMS 0x00000000add00000, 0x00000000add00000| Untracked 
| 734|0x00000000ade00000, 0x00000000ade00000, 0x00000000adf00000|  0%| F|  |TAMS 0x00000000ade00000, 0x00000000ade00000| Untracked 
| 735|0x00000000adf00000, 0x00000000adf00000, 0x00000000ae000000|  0%| F|  |TAMS 0x00000000adf00000, 0x00000000adf00000| Untracked 
| 736|0x00000000ae000000, 0x00000000ae000000, 0x00000000ae100000|  0%| F|  |TAMS 0x00000000ae000000, 0x00000000ae000000| Untracked 
| 737|0x00000000ae100000, 0x00000000ae100000, 0x00000000ae200000|  0%| F|  |TAMS 0x00000000ae100000, 0x00000000ae100000| Untracked 
| 738|0x00000000ae200000, 0x00000000ae200000, 0x00000000ae300000|  0%| F|  |TAMS 0x00000000ae200000, 0x00000000ae200000| Untracked 
| 739|0x00000000ae300000, 0x00000000ae300000, 0x00000000ae400000|  0%| F|  |TAMS 0x00000000ae300000, 0x00000000ae300000| Untracked 
| 740|0x00000000ae400000, 0x00000000ae400000, 0x00000000ae500000|  0%| F|  |TAMS 0x00000000ae400000, 0x00000000ae400000| Untracked 
| 741|0x00000000ae500000, 0x00000000ae500000, 0x00000000ae600000|  0%| F|  |TAMS 0x00000000ae500000, 0x00000000ae500000| Untracked 
| 742|0x00000000ae600000, 0x00000000ae600000, 0x00000000ae700000|  0%| F|  |TAMS 0x00000000ae600000, 0x00000000ae600000| Untracked 
| 743|0x00000000ae700000, 0x00000000ae700000, 0x00000000ae800000|  0%| F|  |TAMS 0x00000000ae700000, 0x00000000ae700000| Untracked 
| 744|0x00000000ae800000, 0x00000000ae800000, 0x00000000ae900000|  0%| F|  |TAMS 0x00000000ae800000, 0x00000000ae800000| Untracked 
| 745|0x00000000ae900000, 0x00000000ae900000, 0x00000000aea00000|  0%| F|  |TAMS 0x00000000ae900000, 0x00000000ae900000| Untracked 
| 746|0x00000000aea00000, 0x00000000aea00000, 0x00000000aeb00000|  0%| F|  |TAMS 0x00000000aea00000, 0x00000000aea00000| Untracked 
| 747|0x00000000aeb00000, 0x00000000aeb00000, 0x00000000aec00000|  0%| F|  |TAMS 0x00000000aeb00000, 0x00000000aeb00000| Untracked 
| 748|0x00000000aec00000, 0x00000000aec00000, 0x00000000aed00000|  0%| F|  |TAMS 0x00000000aec00000, 0x00000000aec00000| Untracked 
| 749|0x00000000aed00000, 0x00000000aed00000, 0x00000000aee00000|  0%| F|  |TAMS 0x00000000aed00000, 0x00000000aed00000| Untracked 
| 750|0x00000000aee00000, 0x00000000aee00000, 0x00000000aef00000|  0%| F|  |TAMS 0x00000000aee00000, 0x00000000aee00000| Untracked 
| 751|0x00000000aef00000, 0x00000000aef00000, 0x00000000af000000|  0%| F|  |TAMS 0x00000000aef00000, 0x00000000aef00000| Untracked 
| 752|0x00000000af000000, 0x00000000af000000, 0x00000000af100000|  0%| F|  |TAMS 0x00000000af000000, 0x00000000af000000| Untracked 
| 753|0x00000000af100000, 0x00000000af100000, 0x00000000af200000|  0%| F|  |TAMS 0x00000000af100000, 0x00000000af100000| Untracked 
| 754|0x00000000af200000, 0x00000000af200000, 0x00000000af300000|  0%| F|  |TAMS 0x00000000af200000, 0x00000000af200000| Untracked 
| 755|0x00000000af300000, 0x00000000af300000, 0x00000000af400000|  0%| F|  |TAMS 0x00000000af300000, 0x00000000af300000| Untracked 
| 756|0x00000000af400000, 0x00000000af400000, 0x00000000af500000|  0%| F|  |TAMS 0x00000000af400000, 0x00000000af400000| Untracked 
| 757|0x00000000af500000, 0x00000000af500000, 0x00000000af600000|  0%| F|  |TAMS 0x00000000af500000, 0x00000000af500000| Untracked 
| 758|0x00000000af600000, 0x00000000af600000, 0x00000000af700000|  0%| F|  |TAMS 0x00000000af600000, 0x00000000af600000| Untracked 
| 759|0x00000000af700000, 0x00000000af700000, 0x00000000af800000|  0%| F|  |TAMS 0x00000000af700000, 0x00000000af700000| Untracked 
| 760|0x00000000af800000, 0x00000000af800000, 0x00000000af900000|  0%| F|  |TAMS 0x00000000af800000, 0x00000000af800000| Untracked 
| 761|0x00000000af900000, 0x00000000af900000, 0x00000000afa00000|  0%| F|  |TAMS 0x00000000af900000, 0x00000000af900000| Untracked 
| 762|0x00000000afa00000, 0x00000000afa00000, 0x00000000afb00000|  0%| F|  |TAMS 0x00000000afa00000, 0x00000000afa00000| Untracked 
| 763|0x00000000afb00000, 0x00000000afb00000, 0x00000000afc00000|  0%| F|  |TAMS 0x00000000afb00000, 0x00000000afb00000| Untracked 
| 764|0x00000000afc00000, 0x00000000afc00000, 0x00000000afd00000|  0%| F|  |TAMS 0x00000000afc00000, 0x00000000afc00000| Untracked 
| 765|0x00000000afd00000, 0x00000000afdc9f68, 0x00000000afe00000| 78%| S|CS|TAMS 0x00000000afd00000, 0x00000000afd00000| Complete 
| 766|0x00000000afe00000, 0x00000000aff00000, 0x00000000aff00000|100%| S|CS|TAMS 0x00000000afe00000, 0x00000000afe00000| Complete 
| 767|0x00000000aff00000, 0x00000000b0000000, 0x00000000b0000000|100%| S|CS|TAMS 0x00000000aff00000, 0x00000000aff00000| Complete 
| 768|0x00000000b0000000, 0x00000000b0100000, 0x00000000b0100000|100%| S|CS|TAMS 0x00000000b0000000, 0x00000000b0000000| Complete 
| 769|0x00000000b0100000, 0x00000000b0200000, 0x00000000b0200000|100%| S|CS|TAMS 0x00000000b0100000, 0x00000000b0100000| Complete 
| 770|0x00000000b0200000, 0x00000000b0200000, 0x00000000b0300000|  0%| F|  |TAMS 0x00000000b0200000, 0x00000000b0200000| Untracked 
| 771|0x00000000b0300000, 0x00000000b0300000, 0x00000000b0400000|  0%| F|  |TAMS 0x00000000b0300000, 0x00000000b0300000| Untracked 
| 772|0x00000000b0400000, 0x00000000b0400000, 0x00000000b0500000|  0%| F|  |TAMS 0x00000000b0400000, 0x00000000b0400000| Untracked 
| 773|0x00000000b0500000, 0x00000000b0500000, 0x00000000b0600000|  0%| F|  |TAMS 0x00000000b0500000, 0x00000000b0500000| Untracked 
| 774|0x00000000b0600000, 0x00000000b0600000, 0x00000000b0700000|  0%| F|  |TAMS 0x00000000b0600000, 0x00000000b0600000| Untracked 
| 775|0x00000000b0700000, 0x00000000b0700000, 0x00000000b0800000|  0%| F|  |TAMS 0x00000000b0700000, 0x00000000b0700000| Untracked 
| 776|0x00000000b0800000, 0x00000000b0800000, 0x00000000b0900000|  0%| F|  |TAMS 0x00000000b0800000, 0x00000000b0800000| Untracked 
| 777|0x00000000b0900000, 0x00000000b0900000, 0x00000000b0a00000|  0%| F|  |TAMS 0x00000000b0900000, 0x00000000b0900000| Untracked 
| 778|0x00000000b0a00000, 0x00000000b0a00000, 0x00000000b0b00000|  0%| F|  |TAMS 0x00000000b0a00000, 0x00000000b0a00000| Untracked 
| 779|0x00000000b0b00000, 0x00000000b0b00000, 0x00000000b0c00000|  0%| F|  |TAMS 0x00000000b0b00000, 0x00000000b0b00000| Untracked 
| 780|0x00000000b0c00000, 0x00000000b0c00000, 0x00000000b0d00000|  0%| F|  |TAMS 0x00000000b0c00000, 0x00000000b0c00000| Untracked 
| 781|0x00000000b0d00000, 0x00000000b0d00000, 0x00000000b0e00000|  0%| F|  |TAMS 0x00000000b0d00000, 0x00000000b0d00000| Untracked 
| 782|0x00000000b0e00000, 0x00000000b0e00000, 0x00000000b0f00000|  0%| F|  |TAMS 0x00000000b0e00000, 0x00000000b0e00000| Untracked 
|1025|0x00000000c0100000, 0x00000000c0100000, 0x00000000c0200000|  0%| F|  |TAMS 0x00000000c0100000, 0x00000000c0100000| Untracked 
|1026|0x00000000c0200000, 0x00000000c0200000, 0x00000000c0300000|  0%| F|  |TAMS 0x00000000c0200000, 0x00000000c0200000| Untracked 
|1027|0x00000000c0300000, 0x00000000c0300000, 0x00000000c0400000|  0%| F|  |TAMS 0x00000000c0300000, 0x00000000c0300000| Untracked 
|1028|0x00000000c0400000, 0x00000000c0400000, 0x00000000c0500000|  0%| F|  |TAMS 0x00000000c0400000, 0x00000000c0400000| Untracked 
|1029|0x00000000c0500000, 0x00000000c0500000, 0x00000000c0600000|  0%| F|  |TAMS 0x00000000c0500000, 0x00000000c0500000| Untracked 
|1030|0x00000000c0600000, 0x00000000c0600000, 0x00000000c0700000|  0%| F|  |TAMS 0x00000000c0600000, 0x00000000c0600000| Untracked 
|1031|0x00000000c0700000, 0x00000000c0700000, 0x00000000c0800000|  0%| F|  |TAMS 0x00000000c0700000, 0x00000000c0700000| Untracked 
|1032|0x00000000c0800000, 0x00000000c0800000, 0x00000000c0900000|  0%| F|  |TAMS 0x00000000c0800000, 0x00000000c0800000| Untracked 
|1033|0x00000000c0900000, 0x00000000c0900000, 0x00000000c0a00000|  0%| F|  |TAMS 0x00000000c0900000, 0x00000000c0900000| Untracked 
|1034|0x00000000c0a00000, 0x00000000c0a00000, 0x00000000c0b00000|  0%| F|  |TAMS 0x00000000c0a00000, 0x00000000c0a00000| Untracked 
|1035|0x00000000c0b00000, 0x00000000c0b00000, 0x00000000c0c00000|  0%| F|  |TAMS 0x00000000c0b00000, 0x00000000c0b00000| Untracked 
|1036|0x00000000c0c00000, 0x00000000c0c00000, 0x00000000c0d00000|  0%| F|  |TAMS 0x00000000c0c00000, 0x00000000c0c00000| Untracked 
|1037|0x00000000c0d00000, 0x00000000c0d00000, 0x00000000c0e00000|  0%| F|  |TAMS 0x00000000c0d00000, 0x00000000c0d00000| Untracked 
|1038|0x00000000c0e00000, 0x00000000c0e00000, 0x00000000c0f00000|  0%| F|  |TAMS 0x00000000c0e00000, 0x00000000c0e00000| Untracked 
|1039|0x00000000c0f00000, 0x00000000c0f00000, 0x00000000c1000000|  0%| F|  |TAMS 0x00000000c0f00000, 0x00000000c0f00000| Untracked 
|1040|0x00000000c1000000, 0x00000000c1000000, 0x00000000c1100000|  0%| F|  |TAMS 0x00000000c1000000, 0x00000000c1000000| Untracked 
|1041|0x00000000c1100000, 0x00000000c1100000, 0x00000000c1200000|  0%| F|  |TAMS 0x00000000c1100000, 0x00000000c1100000| Untracked 
|1042|0x00000000c1200000, 0x00000000c1200000, 0x00000000c1300000|  0%| F|  |TAMS 0x00000000c1200000, 0x00000000c1200000| Untracked 
|1043|0x00000000c1300000, 0x00000000c1300000, 0x00000000c1400000|  0%| F|  |TAMS 0x00000000c1300000, 0x00000000c1300000| Untracked 
|1044|0x00000000c1400000, 0x00000000c1400000, 0x00000000c1500000|  0%| F|  |TAMS 0x00000000c1400000, 0x00000000c1400000| Untracked 
|1045|0x00000000c1500000, 0x00000000c1500000, 0x00000000c1600000|  0%| F|  |TAMS 0x00000000c1500000, 0x00000000c1500000| Untracked 
|1046|0x00000000c1600000, 0x00000000c1600000, 0x00000000c1700000|  0%| F|  |TAMS 0x00000000c1600000, 0x00000000c1600000| Untracked 
|1047|0x00000000c1700000, 0x00000000c1700000, 0x00000000c1800000|  0%| F|  |TAMS 0x00000000c1700000, 0x00000000c1700000| Untracked 
|1048|0x00000000c1800000, 0x00000000c1800000, 0x00000000c1900000|  0%| F|  |TAMS 0x00000000c1800000, 0x00000000c1800000| Untracked 
|1049|0x00000000c1900000, 0x00000000c1900000, 0x00000000c1a00000|  0%| F|  |TAMS 0x00000000c1900000, 0x00000000c1900000| Untracked 
|1050|0x00000000c1a00000, 0x00000000c1a00000, 0x00000000c1b00000|  0%| F|  |TAMS 0x00000000c1a00000, 0x00000000c1a00000| Untracked 
|1051|0x00000000c1b00000, 0x00000000c1b00000, 0x00000000c1c00000|  0%| F|  |TAMS 0x00000000c1b00000, 0x00000000c1b00000| Untracked 

Card table byte_map: [0x000001dc75870000,0x000001dc75c70000] _byte_map_base: 0x000001dc75470000

Marking Bits (Prev, Next): (CMBitMap*) 0x000001dc6b36ddd0, (CMBitMap*) 0x000001dc6b36de10
 Prev Bits: [0x000001dc76070000, 0x000001dc78070000)
 Next Bits: [0x000001dc78070000, 0x000001dc7a070000)

Polling page: 0x000001dc6b5e0000

Metaspace:

Usage:
  Non-class:    119.39 MB used.
      Class:     18.42 MB used.
       Both:    137.81 MB used.

Virtual space:
  Non-class space:      128.00 MB reserved,     120.88 MB ( 94%) committed,  2 nodes.
      Class space:      416.00 MB reserved,      19.75 MB (  5%) committed,  1 nodes.
             Both:      544.00 MB reserved,     140.62 MB ( 26%) committed. 

Chunk freelists:
   Non-Class:  6.66 MB
       Class:  12.51 MB
        Both:  19.17 MB

MaxMetaspaceSize: 512.00 MB
CompressedClassSpaceSize: 416.00 MB
Initial GC threshold: 21.00 MB
Current GC threshold: 234.38 MB
CDS: on
MetaspaceReclaimPolicy: balanced
 - commit_granule_bytes: 65536.
 - commit_granule_words: 8192.
 - virtual_space_node_default_size: 8388608.
 - enlarge_chunks_in_place: 1.
 - new_chunks_are_fully_committed: 0.
 - uncommit_free_chunks: 1.
 - use_allocation_guard: 0.
 - handle_deallocations: 1.


Internal statistics:

num_allocs_failed_limit: 6.
num_arena_births: 4796.
num_arena_deaths: 1400.
num_vsnodes_births: 3.
num_vsnodes_deaths: 0.
num_space_committed: 2248.
num_space_uncommitted: 0.
num_chunks_returned_to_freelist: 1746.
num_chunks_taken_from_freelist: 12077.
num_chunk_merges: 572.
num_chunk_splits: 7052.
num_chunks_enlarged: 3865.
num_inconsistent_stats: 0.

CodeHeap 'non-profiled nmethods': size=120000Kb used=20257Kb max_used=20257Kb free=99742Kb
 bounds [0x000001dc07ad0000, 0x000001dc08ea0000, 0x000001dc0f000000]
CodeHeap 'profiled nmethods': size=120000Kb used=43421Kb max_used=43421Kb free=76578Kb
 bounds [0x000001dc00000000, 0x000001dc02a70000, 0x000001dc07530000]
CodeHeap 'non-nmethods': size=5760Kb used=1859Kb max_used=1966Kb free=3900Kb
 bounds [0x000001dc07530000, 0x000001dc077a0000, 0x000001dc07ad0000]
 total_blobs=23317 nmethods=22340 adapters=888
 compilation: enabled
              stopped_count=0, restarted_count=0
 full_count=0

Compilation events (20 events):
Event: 10287.030 Thread 0x000001dc7cae4980 27395       1       org.gradle.api.internal.artifacts.transform.DefaultTransformedVariantFactory::access$000 (5 bytes)
Event: 10287.030 Thread 0x000001dc7cae4980 nmethod 27395 0x000001dc08e94d10 code [0x000001dc08e94ea0, 0x000001dc08e94f58]
Event: 10287.030 Thread 0x000001dc7cae4980 27396       1       org.gradle.api.internal.artifacts.transform.DefaultTransformedVariantFactory::access$100 (5 bytes)
Event: 10287.030 Thread 0x000001dc7cae4980 nmethod 27396 0x000001dc08e95010 code [0x000001dc08e951a0, 0x000001dc08e95258]
Event: 10287.030 Thread 0x000001dc7cae4980 27397       1       org.gradle.api.internal.artifacts.transform.DefaultVariantDefinition::getPrevious (5 bytes)
Event: 10287.030 Thread 0x000001dc7cae4980 nmethod 27397 0x000001dc08e95310 code [0x000001dc08e954a0, 0x000001dc08e95578]
Event: 10287.030 Thread 0x000001dc7cae4980 27398       1       org.gradle.api.internal.artifacts.transform.DefaultVariantDefinition::getTransformStep (5 bytes)
Event: 10287.030 Thread 0x000001dc7cae4980 nmethod 27398 0x000001dc08e95610 code [0x000001dc08e957a0, 0x000001dc08e95878]
Event: 10287.032 Thread 0x000001dc7cae4980 27399       3       com.android.build.gradle.internal.dependency.BaseDexingTransform$Parameters_Decorated::$gradleFactory (13 bytes)
Event: 10287.032 Thread 0x000001dc7cae3fc0 nmethod 27292 0x000001dc08e95910 code [0x000001dc08e95b40, 0x000001dc08e97198]
Event: 10287.033 Thread 0x000001dc7cae4980 nmethod 27399 0x000001dc02a67790 code [0x000001dc02a67940, 0x000001dc02a67ae8]
Event: 10287.033 Thread 0x000001dc7cae3fc0 27381       4       java.util.BitSet::clear (70 bytes)
Event: 10287.034 Thread 0x000001dc7cae4980 27401       1       org.gradle.api.internal.artifacts.transform.DefaultTransformNodeDependency::getNodes (5 bytes)
Event: 10287.034 Thread 0x000001dc7cae4980 nmethod 27401 0x000001dc08e97d10 code [0x000001dc08e97ea0, 0x000001dc08e97f78]
Event: 10287.035 Thread 0x000001dc7cae3fc0 nmethod 27381 0x000001dc08e98010 code [0x000001dc08e981a0, 0x000001dc08e98318]
Event: 10287.035 Thread 0x000001dc7cae3fc0 27380       4       org.gradle.execution.plan.Node::dependenciesProcessed (6 bytes)
Event: 10287.035 Thread 0x000001dc7cae3fc0 nmethod 27380 0x000001dc08e98490 code [0x000001dc08e98600, 0x000001dc08e98678]
Event: 10287.036 Thread 0x000001dc7cae3fc0 27371       4       org.gradle.api.internal.artifacts.ivyservice.resolveengine.graph.builder.EdgeState::selectTargetVariants (187 bytes)
Event: 10287.040 Thread 0x000001dc7cae4980 27402       3       org.gradle.internal.component.external.model.AbstractVariantBackedConfigurationMetadata::artifact (13 bytes)
Event: 10287.040 Thread 0x000001dc7cae4980 nmethod 27402 0x000001dc02a67b90 code [0x000001dc02a67d40, 0x000001dc02a67f68]

GC Heap History (20 events):
Event: 6747.422 GC heap after
{Heap after GC invocations=76 (full 0):
 garbage-first heap   total 829440K, used 269344K [0x0000000080000000, 0x0000000100000000)
  region size 1024K, 4 young (4096K), 4 survivors (4096K)
 Metaspace       used 125201K, committed 127296K, reserved 557056K
  class space    used 17410K, committed 18368K, reserved 425984K
}
Event: 6748.828 GC heap before
{Heap before GC invocations=76 (full 0):
 garbage-first heap   total 829440K, used 398368K [0x0000000080000000, 0x0000000100000000)
  region size 1024K, 132 young (135168K), 4 survivors (4096K)
 Metaspace       used 127420K, committed 129664K, reserved 557056K
  class space    used 17602K, committed 18624K, reserved 425984K
}
Event: 6748.841 GC heap after
{Heap after GC invocations=77 (full 0):
 garbage-first heap   total 829440K, used 281298K [0x0000000080000000, 0x0000000100000000)
  region size 1024K, 16 young (16384K), 16 survivors (16384K)
 Metaspace       used 127420K, committed 129664K, reserved 557056K
  class space    used 17602K, committed 18624K, reserved 425984K
}
Event: 6752.129 GC heap before
{Heap before GC invocations=78 (full 0):
 garbage-first heap   total 829440K, used 615122K [0x0000000080000000, 0x0000000100000000)
  region size 1024K, 338 young (346112K), 16 survivors (16384K)
 Metaspace       used 129358K, committed 131648K, reserved 557056K
  class space    used 17760K, committed 18816K, reserved 425984K
}
Event: 6752.157 GC heap after
{Heap after GC invocations=79 (full 0):
 garbage-first heap   total 829440K, used 296992K [0x0000000080000000, 0x0000000100000000)
  region size 1024K, 31 young (31744K), 31 survivors (31744K)
 Metaspace       used 129358K, committed 131648K, reserved 557056K
  class space    used 17760K, committed 18816K, reserved 425984K
}
Event: 6752.191 GC heap before
{Heap before GC invocations=79 (full 0):
 garbage-first heap   total 829440K, used 305184K [0x0000000080000000, 0x0000000100000000)
  region size 1024K, 40 young (40960K), 31 survivors (31744K)
 Metaspace       used 129358K, committed 131648K, reserved 557056K
  class space    used 17760K, committed 18816K, reserved 425984K
}
Event: 6752.218 GC heap after
{Heap after GC invocations=80 (full 0):
 garbage-first heap   total 829440K, used 296750K [0x0000000080000000, 0x0000000100000000)
  region size 1024K, 5 young (5120K), 5 survivors (5120K)
 Metaspace       used 129358K, committed 131648K, reserved 557056K
  class space    used 17760K, committed 18816K, reserved 425984K
}
Event: 6754.374 GC heap before
{Heap before GC invocations=80 (full 0):
 garbage-first heap   total 829440K, used 630574K [0x0000000080000000, 0x0000000100000000)
  region size 1024K, 332 young (339968K), 5 survivors (5120K)
 Metaspace       used 129899K, committed 132288K, reserved 557056K
  class space    used 17811K, committed 18880K, reserved 425984K
}
Event: 6754.390 GC heap after
{Heap after GC invocations=81 (full 0):
 garbage-first heap   total 829440K, used 309612K [0x0000000080000000, 0x0000000100000000)
  region size 1024K, 18 young (18432K), 18 survivors (18432K)
 Metaspace       used 129899K, committed 132288K, reserved 557056K
  class space    used 17811K, committed 18880K, reserved 425984K
}
Event: 6834.137 GC heap before
{Heap before GC invocations=82 (full 0):
 garbage-first heap   total 829440K, used 646508K [0x0000000080000000, 0x0000000100000000)
  region size 1024K, 348 young (356352K), 18 survivors (18432K)
 Metaspace       used 137137K, committed 139648K, reserved 557056K
  class space    used 18644K, committed 19840K, reserved 425984K
}
Event: 6834.153 GC heap after
{Heap after GC invocations=83 (full 0):
 garbage-first heap   total 829440K, used 322719K [0x0000000080000000, 0x0000000100000000)
  region size 1024K, 31 young (31744K), 31 survivors (31744K)
 Metaspace       used 137137K, committed 139648K, reserved 557056K
  class space    used 18644K, committed 19840K, reserved 425984K
}
Event: 6834.222 GC heap before
{Heap before GC invocations=83 (full 0):
 garbage-first heap   total 829440K, used 330911K [0x0000000080000000, 0x0000000100000000)
  region size 1024K, 40 young (40960K), 31 survivors (31744K)
 Metaspace       used 138146K, committed 140672K, reserved 557056K
  class space    used 18751K, committed 19904K, reserved 425984K
}
Event: 6834.240 GC heap after
{Heap after GC invocations=84 (full 0):
 garbage-first heap   total 829440K, used 322329K [0x0000000080000000, 0x0000000100000000)
  region size 1024K, 4 young (4096K), 4 survivors (4096K)
 Metaspace       used 138146K, committed 140672K, reserved 557056K
  class space    used 18751K, committed 19904K, reserved 425984K
}
Event: 10281.523 GC heap before
{Heap before GC invocations=84 (full 0):
 garbage-first heap   total 829440K, used 659225K [0x0000000080000000, 0x0000000100000000)
  region size 1024K, 334 young (342016K), 4 survivors (4096K)
 Metaspace       used 141403K, committed 144000K, reserved 557056K
  class space    used 19016K, committed 20224K, reserved 425984K
}
Event: 10281.594 GC heap after
{Heap after GC invocations=85 (full 0):
 garbage-first heap   total 829440K, used 351986K [0x0000000080000000, 0x0000000100000000)
  region size 1024K, 33 young (33792K), 33 survivors (33792K)
 Metaspace       used 141403K, committed 144000K, reserved 557056K
  class space    used 19016K, committed 20224K, reserved 425984K
}
Event: 10286.534 GC heap before
{Heap before GC invocations=86 (full 0):
 garbage-first heap   total 829440K, used 660210K [0x0000000080000000, 0x0000000100000000)
  region size 1024K, 334 young (342016K), 33 survivors (33792K)
 Metaspace       used 141071K, committed 144000K, reserved 557056K
  class space    used 18864K, committed 20224K, reserved 425984K
}
Event: 10286.620 GC heap after
{Heap after GC invocations=87 (full 0):
 garbage-first heap   total 829440K, used 398350K [0x0000000080000000, 0x0000000100000000)
  region size 1024K, 42 young (43008K), 42 survivors (43008K)
 Metaspace       used 141071K, committed 144000K, reserved 557056K
  class space    used 18864K, committed 20224K, reserved 425984K
}
Event: 10286.638 GC heap before
{Heap before GC invocations=87 (full 0):
 garbage-first heap   total 829440K, used 399374K [0x0000000080000000, 0x0000000100000000)
  region size 1024K, 43 young (44032K), 42 survivors (43008K)
 Metaspace       used 141071K, committed 144000K, reserved 557056K
  class space    used 18864K, committed 20224K, reserved 425984K
}
Event: 10286.739 GC heap after
{Heap after GC invocations=88 (full 0):
 garbage-first heap   total 829440K, used 340842K [0x0000000080000000, 0x0000000100000000)
  region size 1024K, 4 young (4096K), 4 survivors (4096K)
 Metaspace       used 141071K, committed 144000K, reserved 557056K
  class space    used 18864K, committed 20224K, reserved 425984K
}
Event: 10287.041 GC heap before
{Heap before GC invocations=88 (full 0):
 garbage-first heap   total 829440K, used 377706K [0x0000000080000000, 0x0000000100000000)
  region size 1024K, 40 young (40960K), 4 survivors (4096K)
 Metaspace       used 141118K, committed 144000K, reserved 557056K
  class space    used 18864K, committed 20224K, reserved 425984K
}

Dll operation events (15 events):
Event: 0.015 Loaded shared library C:\Program Files\Microsoft\jdk-17.0.14.7-hotspot\bin\java.dll
Event: 0.034 Loaded shared library C:\Program Files\Microsoft\jdk-17.0.14.7-hotspot\bin\jsvml.dll
Event: 0.091 Loaded shared library C:\Program Files\Microsoft\jdk-17.0.14.7-hotspot\bin\zip.dll
Event: 0.098 Loaded shared library C:\Program Files\Microsoft\jdk-17.0.14.7-hotspot\bin\instrument.dll
Event: 0.102 Loaded shared library C:\Program Files\Microsoft\jdk-17.0.14.7-hotspot\bin\net.dll
Event: 0.103 Loaded shared library C:\Program Files\Microsoft\jdk-17.0.14.7-hotspot\bin\nio.dll
Event: 0.105 Loaded shared library C:\Program Files\Microsoft\jdk-17.0.14.7-hotspot\bin\zip.dll
Event: 0.401 Loaded shared library C:\Program Files\Microsoft\jdk-17.0.14.7-hotspot\bin\jimage.dll
Event: 0.715 Loaded shared library C:\Program Files\Microsoft\jdk-17.0.14.7-hotspot\bin\verify.dll
Event: 0.760 Loaded shared library C:\Users\intel\.gradle\native\1def1411415f61bf3af743bc5b6707747c0891f09f0c88961ee8f79bc544acac\windows-amd64\native-platform.dll
Event: 0.788 Loaded shared library C:\Users\intel\.gradle\native\0.2.8\x86_64-windows-gnu\gradle-fileevents.dll
Event: 2.095 Loaded shared library C:\Program Files\Microsoft\jdk-17.0.14.7-hotspot\bin\management.dll
Event: 2.098 Loaded shared library C:\Program Files\Microsoft\jdk-17.0.14.7-hotspot\bin\management_ext.dll
Event: 2.276 Loaded shared library C:\Program Files\Microsoft\jdk-17.0.14.7-hotspot\bin\extnet.dll
Event: 2.509 Loaded shared library C:\Program Files\Microsoft\jdk-17.0.14.7-hotspot\bin\sunmscapi.dll

Deoptimization events (20 events):
Event: 10286.956 Thread 0x000001dc38d84ab0 DEOPT PACKING pc=0x000001dc088d88ec sp=0x00000012e07f8f50
Event: 10286.956 Thread 0x000001dc38d84ab0 DEOPT UNPACKING pc=0x000001dc075869a3 sp=0x00000012e07f8f68 mode 2
Event: 10286.992 Thread 0x000001dc38d84ab0 DEOPT PACKING pc=0x000001dc01a3b2e8 sp=0x00000012e07f9940
Event: 10286.992 Thread 0x000001dc38d84ab0 DEOPT UNPACKING pc=0x000001dc07587143 sp=0x00000012e07f8e58 mode 0
Event: 10286.999 Thread 0x000001dc38d84ab0 Uncommon trap: trap_request=0xffffffbe fr.pc=0x000001dc08e78b08 relative=0x0000000000000bc8
Event: 10286.999 Thread 0x000001dc38d84ab0 Uncommon trap: reason=profile_predicate action=maybe_recompile pc=0x000001dc08e78b08 method=org.gradle.api.internal.artifacts.transform.AbstractTransformedArtifactSet$CalculateArtifacts.visitDependencies(Lorg/gradle/api/internal/tasks/TaskDependencyResolv
Event: 10286.999 Thread 0x000001dc38d84ab0 DEOPT PACKING pc=0x000001dc08e78b08 sp=0x00000012e07fa7d0
Event: 10286.999 Thread 0x000001dc38d84ab0 DEOPT UNPACKING pc=0x000001dc075869a3 sp=0x00000012e07fa790 mode 2
Event: 10286.999 Thread 0x000001dc38d84ab0 Uncommon trap: trap_request=0xffffffbe fr.pc=0x000001dc08e78b08 relative=0x0000000000000bc8
Event: 10286.999 Thread 0x000001dc38d84ab0 Uncommon trap: reason=profile_predicate action=maybe_recompile pc=0x000001dc08e78b08 method=org.gradle.api.internal.artifacts.transform.AbstractTransformedArtifactSet$CalculateArtifacts.visitDependencies(Lorg/gradle/api/internal/tasks/TaskDependencyResolv
Event: 10286.999 Thread 0x000001dc38d84ab0 DEOPT PACKING pc=0x000001dc08e78b08 sp=0x00000012e07fa7d0
Event: 10286.999 Thread 0x000001dc38d84ab0 DEOPT UNPACKING pc=0x000001dc075869a3 sp=0x00000012e07fa790 mode 2
Event: 10286.999 Thread 0x000001dc38d84ab0 Uncommon trap: trap_request=0xffffffbe fr.pc=0x000001dc08e78b08 relative=0x0000000000000bc8
Event: 10286.999 Thread 0x000001dc38d84ab0 Uncommon trap: reason=profile_predicate action=maybe_recompile pc=0x000001dc08e78b08 method=org.gradle.api.internal.artifacts.transform.AbstractTransformedArtifactSet$CalculateArtifacts.visitDependencies(Lorg/gradle/api/internal/tasks/TaskDependencyResolv
Event: 10286.999 Thread 0x000001dc38d84ab0 DEOPT PACKING pc=0x000001dc08e78b08 sp=0x00000012e07fa7d0
Event: 10286.999 Thread 0x000001dc38d84ab0 DEOPT UNPACKING pc=0x000001dc075869a3 sp=0x00000012e07fa790 mode 2
Event: 10286.999 Thread 0x000001dc38d84ab0 Uncommon trap: trap_request=0xffffffbe fr.pc=0x000001dc08e78b08 relative=0x0000000000000bc8
Event: 10286.999 Thread 0x000001dc38d84ab0 Uncommon trap: reason=profile_predicate action=maybe_recompile pc=0x000001dc08e78b08 method=org.gradle.api.internal.artifacts.transform.AbstractTransformedArtifactSet$CalculateArtifacts.visitDependencies(Lorg/gradle/api/internal/tasks/TaskDependencyResolv
Event: 10286.999 Thread 0x000001dc38d84ab0 DEOPT PACKING pc=0x000001dc08e78b08 sp=0x00000012e07fa7d0
Event: 10286.999 Thread 0x000001dc38d84ab0 DEOPT UNPACKING pc=0x000001dc075869a3 sp=0x00000012e07fa790 mode 2

Classes loaded (20 events):
Event: 6814.713 Loading class sun/reflect/misc/MethodUtil$1
Event: 6814.713 Loading class sun/reflect/misc/MethodUtil$1 done
Event: 6814.764 Loading class java/nio/channels/CancelledKeyException
Event: 6814.764 Loading class java/nio/channels/CancelledKeyException done
Event: 6814.773 Loading class java/nio/BufferUnderflowException
Event: 6814.773 Loading class java/nio/BufferUnderflowException done
Event: 6814.794 Loading class java/lang/ProcessBuilder$NullInputStream
Event: 6814.794 Loading class java/lang/ProcessBuilder$NullInputStream done
Event: 6814.907 Loading class java/nio/channels/AsynchronousCloseException
Event: 6814.907 Loading class java/nio/channels/AsynchronousCloseException done
Event: 6814.910 Loading class sun/nio/ch/SocketChannelImpl$DefaultOptionsHolder
Event: 6814.910 Loading class sun/nio/ch/SocketChannelImpl$DefaultOptionsHolder done
Event: 6833.641 Loading class java/util/regex/Pattern$1
Event: 6833.641 Loading class java/util/regex/Pattern$1 done
Event: 6833.862 Loading class java/nio/file/StandardCopyOption
Event: 6833.865 Loading class java/nio/file/StandardCopyOption done
Event: 6833.865 Loading class sun/nio/fs/WindowsFileCopy
Event: 6833.866 Loading class sun/nio/fs/WindowsFileCopy done
Event: 6833.873 Loading class sun/nio/fs/WindowsSecurity$Privilege
Event: 6833.873 Loading class sun/nio/fs/WindowsSecurity$Privilege done

Classes unloaded (20 events):
Event: 10282.184 Thread 0x000001dc7cabebc0 Unloading class 0x000001dc104f2000 'java/lang/invoke/LambdaForm$MH+0x000001dc104f2000'
Event: 10282.184 Thread 0x000001dc7cabebc0 Unloading class 0x000001dc104f3000 'java/lang/invoke/LambdaForm$MH+0x000001dc104f3000'
Event: 10282.184 Thread 0x000001dc7cabebc0 Unloading class 0x000001dc104f5800 'java/lang/invoke/LambdaForm$MH+0x000001dc104f5800'
Event: 10282.184 Thread 0x000001dc7cabebc0 Unloading class 0x000001dc104f6c00 'java/lang/invoke/LambdaForm$MH+0x000001dc104f6c00'
Event: 10282.184 Thread 0x000001dc7cabebc0 Unloading class 0x000001dc104f7c00 'java/lang/invoke/LambdaForm$MH+0x000001dc104f7c00'
Event: 10282.184 Thread 0x000001dc7cabebc0 Unloading class 0x000001dc104f8400 'java/lang/invoke/LambdaForm$MH+0x000001dc104f8400'
Event: 10282.184 Thread 0x000001dc7cabebc0 Unloading class 0x000001dc104f8800 'java/lang/invoke/LambdaForm$MH+0x000001dc104f8800'
Event: 10282.184 Thread 0x000001dc7cabebc0 Unloading class 0x000001dc104fa800 'java/lang/invoke/LambdaForm$MH+0x000001dc104fa800'
Event: 10282.184 Thread 0x000001dc7cabebc0 Unloading class 0x000001dc10520400 'java/lang/invoke/LambdaForm$MH+0x000001dc10520400'
Event: 10282.184 Thread 0x000001dc7cabebc0 Unloading class 0x000001dc10520c00 'java/lang/invoke/LambdaForm$MH+0x000001dc10520c00'
Event: 10282.184 Thread 0x000001dc7cabebc0 Unloading class 0x000001dc10529800 'java/lang/invoke/LambdaForm$MH+0x000001dc10529800'
Event: 10282.184 Thread 0x000001dc7cabebc0 Unloading class 0x000001dc10530c00 'java/lang/invoke/LambdaForm$MH+0x000001dc10530c00'
Event: 10282.184 Thread 0x000001dc7cabebc0 Unloading class 0x000001dc10531400 'java/lang/invoke/LambdaForm$MH+0x000001dc10531400'
Event: 10282.184 Thread 0x000001dc7cabebc0 Unloading class 0x000001dc10531c00 'java/lang/invoke/LambdaForm$BMH+0x000001dc10531c00'
Event: 10282.184 Thread 0x000001dc7cabebc0 Unloading class 0x000001dc10550400 'java/lang/invoke/LambdaForm$MH+0x000001dc10550400'
Event: 10282.184 Thread 0x000001dc7cabebc0 Unloading class 0x000001dc10552000 'java/lang/invoke/LambdaForm$MH+0x000001dc10552000'
Event: 10282.184 Thread 0x000001dc7cabebc0 Unloading class 0x000001dc10644800 'java/lang/invoke/LambdaForm$MH+0x000001dc10644800'
Event: 10282.184 Thread 0x000001dc7cabebc0 Unloading class 0x000001dc10645000 'java/lang/invoke/LambdaForm$MH+0x000001dc10645000'
Event: 10282.184 Thread 0x000001dc7cabebc0 Unloading class 0x000001dc1070c400 'java/lang/invoke/LambdaForm$MH+0x000001dc1070c400'
Event: 10282.184 Thread 0x000001dc7cabebc0 Unloading class 0x000001dc10220000 'java/lang/invoke/LambdaForm$MH+0x000001dc10220000'

Classes redefined (0 events):
No events

Internal exceptions (20 events):
Event: 10277.946 Thread 0x000001dc314d38c0 Exception <a 'sun/nio/fs/WindowsException'{0x00000000a7eeb9e8}> (0x00000000a7eeb9e8) 
thrown [s\src\hotspot\share\prims\jni.cpp, line 516]
Event: 10278.550 Thread 0x000001dc322ee420 Exception <a 'sun/nio/fs/WindowsException'{0x00000000a67cd9c8}> (0x00000000a67cd9c8) 
thrown [s\src\hotspot\share\prims\jni.cpp, line 516]
Event: 10278.551 Thread 0x000001dc322ee420 Exception <a 'sun/nio/fs/WindowsException'{0x00000000a67cfdf0}> (0x00000000a67cfdf0) 
thrown [s\src\hotspot\share\prims\jni.cpp, line 516]
Event: 10278.551 Thread 0x000001dc322ee420 Exception <a 'sun/nio/fs/WindowsException'{0x00000000a67d2178}> (0x00000000a67d2178) 
thrown [s\src\hotspot\share\prims\jni.cpp, line 516]
Event: 10278.552 Thread 0x000001dc322ee420 Exception <a 'sun/nio/fs/WindowsException'{0x00000000a67d4158}> (0x00000000a67d4158) 
thrown [s\src\hotspot\share\prims\jni.cpp, line 516]
Event: 10280.132 Thread 0x000001dc38d84ab0 Exception <a 'java/lang/IncompatibleClassChangeError'{0x00000000a15807b0}: Found class java.lang.Object, but interface was expected> (0x00000000a15807b0) 
thrown [s\src\hotspot\share\interpreter\linkResolver.cpp, line 826]
Event: 10280.132 Thread 0x000001dc38d84ab0 Exception <a 'java/lang/IncompatibleClassChangeError'{0x00000000a15820f0}: Found class java.lang.Object, but interface was expected> (0x00000000a15820f0) 
thrown [s\src\hotspot\share\interpreter\linkResolver.cpp, line 826]
Event: 10282.271 Thread 0x000001dc38d84ab0 Exception <a 'java/lang/ClassNotFoundException'{0x00000000c0175d88}: groovy/runtime/metaclass/[Ljava/lang/String;MetaClass> (0x00000000c0175d88) 
thrown [s\src\hotspot\share\prims\jni.cpp, line 535]
Event: 10284.083 Thread 0x000001dc38d84ab0 Exception <a 'java/lang/NoSuchMethodError'{0x00000000ac8055a8}: static Lcom/android/build/gradle/internal/cxx/prefab/PrefabPackagePublication;.<clinit>()V> (0x00000000ac8055a8) 
thrown [s\src\hotspot\share\prims\jni.cpp, line 1112]
Event: 10284.085 Thread 0x000001dc38d84ab0 Exception <a 'java/lang/NoSuchMethodError'{0x00000000ac835448}: static Lcom/android/build/gradle/internal/cxx/prefab/PrefabModulePublication;.<clinit>()V> (0x00000000ac835448) 
thrown [s\src\hotspot\share\prims\jni.cpp, line 1112]
Event: 10284.086 Thread 0x000001dc38d84ab0 Exception <a 'java/lang/NoSuchMethodError'{0x00000000ac851a80}: static Lcom/android/build/gradle/internal/cxx/prefab/PrefabAbiPublication;.<clinit>()V> (0x00000000ac851a80) 
thrown [s\src\hotspot\share\prims\jni.cpp, line 1112]
Event: 10285.383 Thread 0x000001dc38d84ab0 Implicit null exception at 0x000001dc08d868a8 to 0x000001dc08d8861c
Event: 10285.391 Thread 0x000001dc38d84ab0 Exception <a 'sun/nio/fs/WindowsException'{0x00000000a5cc59f0}> (0x00000000a5cc59f0) 
thrown [s\src\hotspot\share\prims\jni.cpp, line 516]
Event: 10285.391 Thread 0x000001dc38d84ab0 Exception <a 'sun/nio/fs/WindowsException'{0x00000000a5cc6f08}> (0x00000000a5cc6f08) 
thrown [s\src\hotspot\share\prims\jni.cpp, line 516]
Event: 10285.392 Thread 0x000001dc38d84ab0 Exception <a 'sun/nio/fs/WindowsException'{0x00000000a5cc8470}> (0x00000000a5cc8470) 
thrown [s\src\hotspot\share\prims\jni.cpp, line 516]
Event: 10285.392 Thread 0x000001dc38d84ab0 Exception <a 'sun/nio/fs/WindowsException'{0x00000000a5cc99d8}> (0x00000000a5cc99d8) 
thrown [s\src\hotspot\share\prims\jni.cpp, line 516]
Event: 10286.131 Thread 0x000001dc38d84ab0 Exception <a 'sun/nio/fs/WindowsException'{0x00000000a23e79a8}> (0x00000000a23e79a8) 
thrown [s\src\hotspot\share\prims\jni.cpp, line 516]
Event: 10286.132 Thread 0x000001dc38d84ab0 Exception <a 'sun/nio/fs/WindowsException'{0x00000000a23e8ec0}> (0x00000000a23e8ec0) 
thrown [s\src\hotspot\share\prims\jni.cpp, line 516]
Event: 10286.132 Thread 0x000001dc38d84ab0 Exception <a 'sun/nio/fs/WindowsException'{0x00000000a23ea428}> (0x00000000a23ea428) 
thrown [s\src\hotspot\share\prims\jni.cpp, line 516]
Event: 10286.132 Thread 0x000001dc38d84ab0 Exception <a 'sun/nio/fs/WindowsException'{0x00000000a23eb990}> (0x00000000a23eb990) 
thrown [s\src\hotspot\share\prims\jni.cpp, line 516]

VM Operations (20 events):
Event: 10282.260 Executing VM operation: G1PauseRemark done
Event: 10282.425 Executing VM operation: G1PauseCleanup
Event: 10282.437 Executing VM operation: G1PauseCleanup done
Event: 10282.731 Executing VM operation: HandshakeAllThreads
Event: 10282.731 Executing VM operation: HandshakeAllThreads done
Event: 10283.745 Executing VM operation: Cleanup
Event: 10283.745 Executing VM operation: Cleanup done
Event: 10284.759 Executing VM operation: Cleanup
Event: 10284.759 Executing VM operation: Cleanup done
Event: 10285.764 Executing VM operation: Cleanup
Event: 10285.764 Executing VM operation: Cleanup done
Event: 10286.315 Executing VM operation: ICBufferFull
Event: 10286.315 Executing VM operation: ICBufferFull done
Event: 10286.534 Executing VM operation: G1CollectForAllocation
Event: 10286.620 Executing VM operation: G1CollectForAllocation done
Event: 10286.638 Executing VM operation: G1CollectForAllocation
Event: 10286.739 Executing VM operation: G1CollectForAllocation done
Event: 10286.832 Executing VM operation: HandshakeAllThreads
Event: 10286.833 Executing VM operation: HandshakeAllThreads done
Event: 10287.041 Executing VM operation: G1CollectForAllocation

Memory protections (0 events):
No events

Nmethod flushes (20 events):
Event: 10281.452 Thread 0x000001dc7caf8070 flushing  nmethod 0x000001dc0128f710
Event: 10281.453 Thread 0x000001dc7caf8070 flushing  nmethod 0x000001dc0133d010
Event: 10281.458 Thread 0x000001dc7caf8070 flushing  nmethod 0x000001dc0184f490
Event: 10281.467 Thread 0x000001dc7caf8070 flushing  nmethod 0x000001dc02060d90
Event: 10281.467 Thread 0x000001dc7caf8070 flushing  nmethod 0x000001dc02118f90
Event: 10281.471 Thread 0x000001dc7caf8070 flushing  nmethod 0x000001dc025e3790
Event: 10281.471 Thread 0x000001dc7caf8070 flushing  nmethod 0x000001dc025e8e10
Event: 10281.471 Thread 0x000001dc7caf8070 flushing  nmethod 0x000001dc0260ef90
Event: 10281.471 Thread 0x000001dc7caf8070 flushing  nmethod 0x000001dc02614810
Event: 10281.471 Thread 0x000001dc7caf8070 flushing  nmethod 0x000001dc02616410
Event: 10286.842 Thread 0x000001dc7caf8070 flushing  nmethod 0x000001dc0897cb90
Event: 10286.847 Thread 0x000001dc7caf8070 flushing  nmethod 0x000001dc0024b190
Event: 10286.848 Thread 0x000001dc7caf8070 flushing  nmethod 0x000001dc002ace90
Event: 10286.853 Thread 0x000001dc7caf8070 flushing  nmethod 0x000001dc00878690
Event: 10286.857 Thread 0x000001dc7caf8070 flushing  nmethod 0x000001dc00cda490
Event: 10286.858 Thread 0x000001dc7caf8070 flushing  nmethod 0x000001dc00de2e90
Event: 10286.860 Thread 0x000001dc7caf8070 flushing  nmethod 0x000001dc01023910
Event: 10286.860 Thread 0x000001dc7caf8070 flushing  nmethod 0x000001dc0108a290
Event: 10286.863 Thread 0x000001dc7caf8070 flushing  nmethod 0x000001dc0130cb10
Event: 10286.877 Thread 0x000001dc7caf8070 flushing  nmethod 0x000001dc020c6810

Events (20 events):
Event: 10279.639 Thread 0x000001dc38d84ab0 Thread added: 0x000001dc390683d0
Event: 10279.639 Thread 0x000001dc38d84ab0 Thread added: 0x000001dc39067ec0
Event: 10279.639 Thread 0x000001dc38d84ab0 Thread added: 0x000001dc390688e0
Event: 10279.640 Thread 0x000001dc38d84ab0 Thread added: 0x000001dc39068df0
Event: 10279.640 Thread 0x000001dc38d84ab0 Thread added: 0x000001dc39069300
Event: 10279.684 Thread 0x000001dc38d84ab0 Thread added: 0x000001dc7f24a240
Event: 10279.684 Thread 0x000001dc38d84ab0 Thread added: 0x000001dc7f24a750
Event: 10279.684 Thread 0x000001dc38d84ab0 Thread added: 0x000001dc7f24ac60
Event: 10279.685 Thread 0x000001dc38d84ab0 Thread added: 0x000001dc39fe0640
Event: 10279.685 Thread 0x000001dc38d84ab0 Thread added: 0x000001dc39fe1f90
Event: 10281.156 Thread 0x000001dc38d84ab0 Thread added: 0x000001dc39069810
Event: 10281.178 Thread 0x000001dc39069810 Thread added: 0x000001dc7f24b680
Event: 10281.179 Thread 0x000001dc39069810 Thread added: 0x000001dc7f24b170
Event: 10283.804 Thread 0x000001dc38998fc0 Thread exited: 0x000001dc38998fc0
Event: 10283.804 Thread 0x000001dc3b328070 Thread exited: 0x000001dc3b328070
Event: 10284.009 Thread 0x000001dc7cae4980 Thread added: 0x000001dc3c444a20
Event: 10284.209 Thread 0x000001dc7cae4980 Thread added: 0x000001dc3c446f50
Event: 10285.052 Thread 0x000001dc3c446f50 Thread exited: 0x000001dc3c446f50
Event: 10285.374 Thread 0x000001dc322eb180 Thread added: 0x000001dc384cd7e0
Event: 10285.427 Thread 0x000001dc7cae4980 Thread added: 0x000001dc31e64c20


Dynamic libraries:
0x00007ff6b7710000 - 0x00007ff6b771e000 	C:\Program Files\Microsoft\jdk-17.0.14.7-hotspot\bin\java.exe
0x00007ffe94690000 - 0x00007ffe94888000 	C:\Windows\SYSTEM32\ntdll.dll
0x00007ffe92f90000 - 0x00007ffe9304f000 	C:\Windows\System32\KERNEL32.DLL
0x00007ffe92270000 - 0x00007ffe92542000 	C:\Windows\System32\KERNELBASE.dll
0x00007ffe91d90000 - 0x00007ffe91e90000 	C:\Windows\System32\ucrtbase.dll
0x00007ffe72a80000 - 0x00007ffe72a9d000 	C:\Program Files\Microsoft\jdk-17.0.14.7-hotspot\bin\VCRUNTIME140.dll
0x00007ffe6a940000 - 0x00007ffe6a957000 	C:\Program Files\Microsoft\jdk-17.0.14.7-hotspot\bin\jli.dll
0x00007ffe936c0000 - 0x00007ffe9385d000 	C:\Windows\System32\USER32.dll
0x00007ffe92090000 - 0x00007ffe920b2000 	C:\Windows\System32\win32u.dll
0x00007ffe80610000 - 0x00007ffe808aa000 	C:\Windows\WinSxS\amd64_microsoft.windows.common-controls_6595b64144ccf1df_6.0.19041.1110_none_60b5254171f9507e\COMCTL32.dll
0x00007ffe93180000 - 0x00007ffe931ab000 	C:\Windows\System32\GDI32.dll
0x00007ffe93050000 - 0x00007ffe930ee000 	C:\Windows\System32\msvcrt.dll
0x00007ffe925a0000 - 0x00007ffe926af000 	C:\Windows\System32\gdi32full.dll
0x00007ffe91e90000 - 0x00007ffe91f2d000 	C:\Windows\System32\msvcp_win.dll
0x00007ffe93fb0000 - 0x00007ffe93fe2000 	C:\Windows\System32\IMM32.DLL
0x00007ffe756b0000 - 0x00007ffe756bc000 	C:\Program Files\Microsoft\jdk-17.0.14.7-hotspot\bin\vcruntime140_1.dll
0x00007ffe59a90000 - 0x00007ffe59b1d000 	C:\Program Files\Microsoft\jdk-17.0.14.7-hotspot\bin\msvcp140.dll
0x00007ffe36110000 - 0x00007ffe36d82000 	C:\Program Files\Microsoft\jdk-17.0.14.7-hotspot\bin\server\jvm.dll
0x00007ffe931b0000 - 0x00007ffe9325e000 	C:\Windows\System32\ADVAPI32.dll
0x00007ffe93620000 - 0x00007ffe936bc000 	C:\Windows\System32\sechost.dll
0x00007ffe94180000 - 0x00007ffe942a5000 	C:\Windows\System32\RPCRT4.dll
0x00007ffe930f0000 - 0x00007ffe9315b000 	C:\Windows\System32\WS2_32.dll
0x00007ffe917a0000 - 0x00007ffe917eb000 	C:\Windows\SYSTEM32\POWRPROF.dll
0x00007ffe8d750000 - 0x00007ffe8d777000 	C:\Windows\SYSTEM32\WINMM.dll
0x00007ffe83400000 - 0x00007ffe8340a000 	C:\Windows\SYSTEM32\VERSION.dll
0x00007ffe91780000 - 0x00007ffe91792000 	C:\Windows\SYSTEM32\UMPDC.dll
0x00007ffe8fc30000 - 0x00007ffe8fc42000 	C:\Windows\SYSTEM32\kernel.appcore.dll
0x00007ffe73bd0000 - 0x00007ffe73bda000 	C:\Program Files\Microsoft\jdk-17.0.14.7-hotspot\bin\jimage.dll
0x00007ffe80900000 - 0x00007ffe80ae4000 	C:\Windows\SYSTEM32\DBGHELP.DLL
0x00007ffe7af40000 - 0x00007ffe7af6c000 	C:\Windows\SYSTEM32\dbgcore.DLL
0x00007ffe92170000 - 0x00007ffe921f2000 	C:\Windows\System32\bcryptPrimitives.dll
0x00007ffe6fa90000 - 0x00007ffe6fa9e000 	C:\Program Files\Microsoft\jdk-17.0.14.7-hotspot\bin\instrument.dll
0x00007ffe5a050000 - 0x00007ffe5a075000 	C:\Program Files\Microsoft\jdk-17.0.14.7-hotspot\bin\java.dll
0x00007ffe59530000 - 0x00007ffe59607000 	C:\Program Files\Microsoft\jdk-17.0.14.7-hotspot\bin\jsvml.dll
0x00007ffe93860000 - 0x00007ffe93fa3000 	C:\Windows\System32\SHELL32.dll
0x00007ffe8fe50000 - 0x00007ffe905e2000 	C:\Windows\SYSTEM32\windows.storage.dll
0x00007ffe932c0000 - 0x00007ffe93614000 	C:\Windows\System32\combase.dll
0x00007ffe917f0000 - 0x00007ffe91820000 	C:\Windows\SYSTEM32\Wldp.dll
0x00007ffe92830000 - 0x00007ffe928dd000 	C:\Windows\System32\SHCORE.dll
0x00007ffe93260000 - 0x00007ffe932b5000 	C:\Windows\System32\shlwapi.dll
0x00007ffe91cd0000 - 0x00007ffe91cef000 	C:\Windows\SYSTEM32\profapi.dll
0x00007ffe672f0000 - 0x00007ffe67308000 	C:\Program Files\Microsoft\jdk-17.0.14.7-hotspot\bin\zip.dll
0x00007ffe69ea0000 - 0x00007ffe69eba000 	C:\Program Files\Microsoft\jdk-17.0.14.7-hotspot\bin\net.dll
0x00007ffe8c220000 - 0x00007ffe8c32c000 	C:\Windows\SYSTEM32\WINHTTP.dll
0x00007ffe914e0000 - 0x00007ffe9154a000 	C:\Windows\system32\mswsock.dll
0x00007ffe69af0000 - 0x00007ffe69b06000 	C:\Program Files\Microsoft\jdk-17.0.14.7-hotspot\bin\nio.dll
0x00007ffe72ba0000 - 0x00007ffe72bb0000 	C:\Program Files\Microsoft\jdk-17.0.14.7-hotspot\bin\verify.dll
0x00007ffe5a020000 - 0x00007ffe5a047000 	C:\Users\intel\.gradle\native\1def1411415f61bf3af743bc5b6707747c0891f09f0c88961ee8f79bc544acac\windows-amd64\native-platform.dll
0x00007ffe52c70000 - 0x00007ffe52ce7000 	C:\Users\intel\.gradle\native\0.2.8\x86_64-windows-gnu\gradle-fileevents.dll
0x00007ffe735a0000 - 0x00007ffe735aa000 	C:\Program Files\Microsoft\jdk-17.0.14.7-hotspot\bin\management.dll
0x00007ffe72c30000 - 0x00007ffe72c3b000 	C:\Program Files\Microsoft\jdk-17.0.14.7-hotspot\bin\management_ext.dll
0x00007ffe93170000 - 0x00007ffe93178000 	C:\Windows\System32\PSAPI.DLL
0x00007ffe911d0000 - 0x00007ffe9120b000 	C:\Windows\SYSTEM32\IPHLPAPI.DLL
0x00007ffe94640000 - 0x00007ffe94648000 	C:\Windows\System32\NSI.dll
0x00007ffe883e0000 - 0x00007ffe883f7000 	C:\Windows\SYSTEM32\dhcpcsvc6.DLL
0x00007ffe8a3b0000 - 0x00007ffe8a3cd000 	C:\Windows\SYSTEM32\dhcpcsvc.DLL
0x00007ffe91210000 - 0x00007ffe912da000 	C:\Windows\SYSTEM32\DNSAPI.dll
0x00007ffe71f60000 - 0x00007ffe71f69000 	C:\Program Files\Microsoft\jdk-17.0.14.7-hotspot\bin\extnet.dll
0x00007ffe916d0000 - 0x00007ffe916e8000 	C:\Windows\SYSTEM32\CRYPTSP.dll
0x00007ffe90d90000 - 0x00007ffe90dc4000 	C:\Windows\system32\rsaenh.dll
0x00007ffe926b0000 - 0x00007ffe926d7000 	C:\Windows\System32\bcrypt.dll
0x00007ffe91c50000 - 0x00007ffe91c7e000 	C:\Windows\SYSTEM32\USERENV.dll
0x00007ffe916f0000 - 0x00007ffe916fc000 	C:\Windows\SYSTEM32\CRYPTBASE.dll
0x00007ffe6f680000 - 0x00007ffe6f68e000 	C:\Program Files\Microsoft\jdk-17.0.14.7-hotspot\bin\sunmscapi.dll
0x00007ffe91f30000 - 0x00007ffe92086000 	C:\Windows\System32\CRYPT32.dll
0x00007ffe91860000 - 0x00007ffe91887000 	C:\Windows\SYSTEM32\ncrypt.dll
0x00007ffe91820000 - 0x00007ffe9185b000 	C:\Windows\SYSTEM32\NTASN1.dll
0x00007ffe83430000 - 0x00007ffe83437000 	C:\Windows\system32\wshunix.dll
0x00007ffe8a3a0000 - 0x00007ffe8a3aa000 	C:\Windows\System32\rasadhlp.dll
0x00007ffe83ce0000 - 0x00007ffe83d60000 	C:\Windows\System32\fwpuclnt.dll
0x00007ffe90ed0000 - 0x00007ffe90f03000 	C:\Windows\SYSTEM32\ntmarta.dll

dbghelp: loaded successfully - version: 4.0.5 - missing functions: none
symbol engine: initialized successfully - sym options: 0x614 - pdb path: .;C:\Program Files\Microsoft\jdk-17.0.14.7-hotspot\bin;C:\Windows\SYSTEM32;C:\Windows\WinSxS\amd64_microsoft.windows.common-controls_6595b64144ccf1df_6.0.19041.1110_none_60b5254171f9507e;C:\Program Files\Microsoft\jdk-17.0.14.7-hotspot\bin\server;C:\Users\intel\.gradle\native\1def1411415f61bf3af743bc5b6707747c0891f09f0c88961ee8f79bc544acac\windows-amd64;C:\Users\intel\.gradle\native\0.2.8\x86_64-windows-gnu

VM Arguments:
jvm_args: --add-opens=java.base/java.lang=ALL-UNNAMED --add-opens=java.base/java.lang.invoke=ALL-UNNAMED --add-opens=java.base/java.util=ALL-UNNAMED --add-opens=java.prefs/java.util.prefs=ALL-UNNAMED --add-exports=jdk.compiler/com.sun.tools.javac.api=ALL-UNNAMED --add-exports=jdk.compiler/com.sun.tools.javac.util=ALL-UNNAMED --add-opens=java.base/java.util=ALL-UNNAMED --add-opens=java.prefs/java.util.prefs=ALL-UNNAMED --add-opens=java.base/java.nio.charset=ALL-UNNAMED --add-opens=java.base/java.net=ALL-UNNAMED --add-opens=java.base/java.util.concurrent=ALL-UNNAMED --add-opens=java.base/java.util.concurrent.atomic=ALL-UNNAMED --add-opens=java.xml/javax.xml.namespace=ALL-UNNAMED -XX:MaxMetaspaceSize=512m -Xmx2048m -Dfile.encoding=windows-1252 -Duser.country=IN -Duser.language=en -Duser.variant -javaagent:C:\Users\intel\.gradle\wrapper\dists\gradle-9.0.0-bin\d6wjpkvcgsg3oed0qlfss3wgl\gradle-9.0.0\lib\agents\gradle-instrumentation-agent-9.0.0.jar 
java_command: org.gradle.launcher.daemon.bootstrap.GradleDaemon 9.0.0
java_class_path (initial): C:\Users\intel\.gradle\wrapper\dists\gradle-9.0.0-bin\d6wjpkvcgsg3oed0qlfss3wgl\gradle-9.0.0\lib\gradle-daemon-main-9.0.0.jar
Launcher Type: SUN_STANDARD

[Global flags]
     intx CICompilerCount                          = 4                                         {product} {ergonomic}
   size_t CompressedClassSpaceSize                 = 436207616                                 {product} {ergonomic}
     uint ConcGCThreads                            = 2                                         {product} {ergonomic}
     uint G1ConcRefinementThreads                  = 8                                         {product} {ergonomic}
   size_t G1HeapRegionSize                         = 1048576                                   {product} {ergonomic}
    uintx GCDrainStackTargetSize                   = 64                                        {product} {ergonomic}
   size_t InitialHeapSize                          = 264241152                                 {product} {ergonomic}
   size_t MarkStackSize                            = 4194304                                   {product} {ergonomic}
   size_t MaxHeapSize                              = 2147483648                                {product} {command line}
   size_t MaxMetaspaceSize                         = 536870912                                 {product} {command line}
   size_t MaxNewSize                               = 1287651328                                {product} {ergonomic}
   size_t MinHeapDeltaBytes                        = 1048576                                   {product} {ergonomic}
   size_t MinHeapSize                              = 8388608                                   {product} {ergonomic}
    uintx NonNMethodCodeHeapSize                   = 5839372                                {pd product} {ergonomic}
    uintx NonProfiledCodeHeapSize                  = 122909434                              {pd product} {ergonomic}
    uintx ProfiledCodeHeapSize                     = 122909434                              {pd product} {ergonomic}
    uintx ReservedCodeCacheSize                    = 251658240                              {pd product} {ergonomic}
     bool SegmentedCodeCache                       = true                                      {product} {ergonomic}
   size_t SoftMaxHeapSize                          = 2147483648                             {manageable} {ergonomic}
     bool UseCompressedClassPointers               = true                           {product lp64_product} {ergonomic}
     bool UseCompressedOops                        = true                           {product lp64_product} {ergonomic}
     bool UseG1GC                                  = true                                      {product} {ergonomic}
     bool UseLargePagesIndividualAllocation        = false                                  {pd product} {ergonomic}

Logging:
Log output configuration:
 #0: stdout all=warning uptime,level,tags
 #1: stderr all=off uptime,level,tags

Environment Variables:
JAVA_HOME=C:\Program Files\Microsoft\jdk-17.0.14.7-hotspot\
PATH=D:\Reactnativeprojects\DomiGO\node_modules\.bin;D:\Reactnativeprojects\DomiGO\node_modules\.bin;D:\Reactnativeprojects\node_modules\.bin;D:\node_modules\.bin;C:\Users\intel\AppData\Roaming\nvm\v20.17.0\node_modules\npm\node_modules\@npmcli\run-script\lib\node-gyp-bin;c:\Users\intel\AppData\Roaming\Code\User\globalStorage\github.copilot-chat\debugCommand;c:\Users\intel\AppData\Roaming\Code\User\globalStorage\github.copilot-chat\copilotCli;C:\Program Files\Microsoft\jdk-17.0.14.7-hotspot\bin;C:\Windows\system32;C:\Windows;C:\Windows\System32\Wbem;C:\Windows\System32\WindowsPowerShell\v1.0\;C:\Windows\System32\OpenSSH\;C:\Program Files\dotnet\;C:\ProgramData\chocolatey\bin;C:\Program Files\Git\cmd;C:\Program Files\Git\bin;C:\Users\intel\AppData\Roaming\nvm;C:\Program Files\nodejs;C:\Users\intel\AppData\Local\Microsoft\WindowsApps;C:\Users\intel\AppData\Local\Programs\Microsoft VS Code\bin;C:\Users\intel\AppData\Roaming\npm;C:\Users\intel\AppData\Local\Android\Sdk\platform-tools;C:\dev\flutter\bin;C:\Users\intel\AppData\Roaming\nvm;C:\Program Files\nodejs;C:\Users\intel\AppData\Local\GitHubDesktop\bin
USERNAME=intel
LANG=en_US.UTF-8
OS=Windows_NT
PROCESSOR_IDENTIFIER=Intel64 Family 6 Model 142 Stepping 12, GenuineIntel
TMP=C:\Users\intel\AppData\Local\Temp
TEMP=C:\Users\intel\AppData\Local\Temp



Periodic native trim disabled


---------------  S Y S T E M  ---------------

OS:
 Windows 10 , 64 bit Build 19041 (10.0.19041.2251)
OS uptime: 1 days 21:54 hours

CPU: total 8 (initial active 8) (4 cores per cpu, 2 threads per core) family 6 model 142 stepping 12 microcode 0xf4, cx8, cmov, fxsr, ht, mmx, 3dnowpref, sse, sse2, sse3, ssse3, sse4.1, sse4.2, popcnt, lzcnt, tsc, tscinvbit, avx, avx2, aes, erms, clmul, bmi1, bmi2, adx, fma, vzeroupper, clflush, clflushopt
Processor Information for the first 8 processors :
  Max Mhz: 2208, Current Mhz: 1706, Mhz Limit: 1700

Memory: 4k page, system-wide physical 16067M (2675M free)
TotalPageFile size 20838M (AvailPageFile size 196M)
current process WorkingSet (physical memory assigned to process): 1031M, peak: 1240M
current process commit charge ("private bytes"): 1318M, peak: 1560M

vm_info: OpenJDK 64-Bit Server VM (17.0.14+7-LTS) for windows-amd64 JRE (17.0.14+7-LTS), built on Jan  8 2025 23:39:28 by "MicrosoftCorporation" with unknown MS VC++:1939

END.
